pedon.x,orig_horizon,subdivision,horizon.x,top cm,base cm,thick,major_color,hue,value,chroma,minor_color,depletion,concentration,texture_modifier,texture_base,structure,consistence,boundary,frags,roots,sample collected,elemental,name,type,CN_id,pedon.y,horizon.y,N_pct,C_pct,CNRatio,CN_type,om_pct,om,bd
42_2_PFM,Oa,NA,Oa,6,8,2,7.5YR3/1,7.5YR,3,1,0,NA,NA,NA,NA,2mgr,NA,cs,0,m,Y,NA,42_2_PFM_Oa,sample,42.2_Oa,42_2_PFM,Oa,1.302304,26.43682,20.30004,Min.Soil,45.57707768,0.4557707768,0.22314587093394037
42_2_PFM,E1,NA,E1,8,32,24,5YR5/1,5YR,5,1,5YR4/2,NA,NA,NA,sl,2msbk,fr,cs,2,c,Y,Y,42_2_PFM_E1,sample,42.2_E1,42_2_PFM,E1,0.985384,5.499409,5.580979,Min.Soil,9.480981116,0.09480981116000001,0.6764016472189835
42_2_PFM,E2,NA,E2,32,47,15,7.5YR4/2,7.5YR,4,2,7.5YR3/2,NA,NA,NA,ls,2msbk,fr,NA,15,f,Y,Y,42_2_PFM_E2,sample,42.2_E2,42_2_PFM,E2,0.029635,0.644979,21.76427,Min.Soil,1.111943796,0.01111943796,1.278507993417372
42_2_V2.1,Oa,NA,Oa,6,8,2,5YR2.5/1,5YR,2.5,1,NA,NA,NA,NA,NA,NA,NA,as,NA,NA,Y,Y,42_2_V2.1_Oa,sample,V2.1_Oa,42_2_V2.1,Oa,0.439073,10.15645,23.13158,Min.Soil,17.5097198,0.17509719799999998,0.46590708193226676
42_2_V2.1,E,1,E.1,8,14,6,7.5YR6/1,7.5YR,6,1,0,NA,NA,NA,sl,2msbk,fr,as,10,f,Y,Y,42_2_V2.1_E.1,sample,V2.1_E1,42_2_V2.1,E.1,0.077011,1.150074,14.93396,Min.Soil,1.982727576,0.01982727576,1.170130826196113
42_2_V2.1,E,2,E.2,14,20,6,7.5YR6/1,7.5YR,6,1,0,NA,NA,NA,sl,2msbk,fr,as,10,f,Y,Y,42_2_V2.1_E.2,sample,V2.1_E2,42_2_V2.1,E.2,0.076609,0.93580700000000006,12.2154,Min.Soil,1.613331268,0.01613331268,1.2137779687980057
42_2_V2.1,E,3,E.3,20,28,8,7.5YR6/1,7.5YR,6,1,0,NA,NA,NA,sl,2msbk,fr,as,10,f,Y,Y,42_2_V2.1_E.3,sample,V2.1_E3,42_2_V2.1,E.3,0.046856,0.690337,14.73308,Min.Soil,1.190140988,0.01190140988,1.2679619290978044
42_2_V2.1,E,4,E.4,28,32,4,7.5YR6/1,7.5YR,6,1,0,NA,NA,NA,sl,2msbk,fr,as,10,f,Y,Y,42_2_V2.1_E.4,sample,V2.1_E4,42_2_V2.1,E.4,0.042377,0.504456,11.904,Min.Soil,0.869682144,0.00869682144,1.3123237178709302
42_3_PFM,Oa,NA,Oa,5.5,8.5,3,5YR2.5/1,5YR,2.5,1,0,NA,NA,NA,NA,1mgr,vfr,as,1,f,Y,Y,42_3_PFM_Oa,sample,42.3_Oa,42_3_PFM,Oa,1.001189,16.8993,16.87924,Min.Soil,29.1343932,0.29134393200000003,0.32118726942319
42_3_PFM,Bhs1,NA,Bhs1,8.5,30.5,22,7.5YR2.5/2,7.5YR,2.5,2,0,NA,NA,NA,sl,2msbk,fr,cs,2,0,Y,Y,42_3_PFM_Bhs1,sample,42.3_Bhs1,42_3_PFM,Bhs1,0.289994,5.690605,19.623169999999998,Min.Soil,9.810603019999999,0.09810603019999999,0.6640838448591544
42_3_PFM,Bhs2,NA,Bhs2,30.5,41.5,11,10YR2/2,10YR,2,2,0,NA,NA,NA,sl,2msbk,fr,as,2,0,Y,Y,42_3_PFM_Bhs2,sample,42.3_Bhs2,42_3_PFM,Bhs2,0.221183,4.558861,20.61129,Min.Soil,7.859476364000001,0.07859476364000001,0.7443174225727702
42_3_PFM,Bhs3,NA,Bhs3,41.5,60,18.5,7.5YR3/3,7.5YR,3,3,7.5YR2.5/2,NA,NA,NA,sl,2msbk,fr,cs,2,0,Y,Y,42_3_PFM_Bhs3,sample,42.3_Bhs3,42_3_PFM,Bhs3,0.234412,5.076976,21.65831,Min.Soil,8.752706624,0.08752706624,0.7053062554344165
42_3_PFM,BC,NA,BC,60,71,11,10YR3/4,10YR,3,4,0,NA,NA,NA,sl,2msbk,fr,NA,5,0,Y,NA,42_3_PFM_BC,sample,42.3_BC,42_3_PFM,BC,0.26178,6.088694,23.25886,Min.Soil,10.496908456,0.10496908456,0.6398238677411363
42_3_V3.1,Oa,NA,Oa,9,13,4,5YR2.5/1,5YR,2.5,1,NA,NA,NA,NA,NA,NA,NA,NA,1,c,Y,Y,42_3_V3.1_Oa,sample,V3.1_Oa,42_3_V3.1,Oa,1.347829,24.68433,18.31415,Min.Soil,42.55578492,0.4255578492,0.23640541791773473
42_3_V3.1,Bhs1,NA,Bhs1,13,21,8,5YR3/2,5YR,3,2,0,NA,NA,NA,sl,1mgr,fr,cs,2,c,Y,Y,42_3_V3.1_Bhs1,sample,V3.1_Bhs1,42_3_V3.1,Bhs1,0.311452,4.876843,15.6584,Min.Soil,8.407677332,0.08407677332,0.7198804196891284
42_3_V3.1,Bhs2,1,Bhs2.1,21,28,7,7.5YR2.5/3,7.5YR,2.5,3,0,NA,NA,NA,sl,2msbk,fr,gw,5,c,Y,Y,42_3_V3.1_Bhs2.1,sample,V3.1_Bhs2.1,42_3_V3.1,Bhs2.1,0.22659,3.827281,16.89078,Min.Soil,6.598232444,0.06598232444,0.8073726190570751
42_3_V3.1,Bhs2,2,Bhs2.2,28,35,7,7.5YR2.5/3,7.5YR,2.5,3,0,NA,NA,NA,sl,2msbk,fr,gw,5,c,Y,Y,42_3_V3.1_Bhs2.2,sample,V3.1_Bhs2.2,42_3_V3.1,Bhs2.2,0.26269,5.021509,19.11574,Min.Soil,8.657081516,0.08657081516,0.7092860503136547
42_3_V3.1,Bhs3,1,Bhs3.1,35,45,10,7.5YR3/3,7.5YR,3,3,0,NA,NA,NA,ls,2mang,fr,gs,10,f,Y,Y,42_3_V3.1_Bhs3.1,sample,V3.1_Bhs3.1,42_3_V3.1,Bhs3.1,0.212924,4.283117,20.11569,Min.Soil,7.384093708,0.07384093708,0.7668923048140851
42_3_V3.1,Bhs3,2,Bhs3.2,45,55,10,7.5YR3/3,7.5YR,3,3,0,NA,NA,NA,ls,2mang,fr,gs,10,f,Y,Y,42_3_V3.1_Bhs3.2,sample,V3.1_Bhs3.2,42_3_V3.1,Bhs3.2,0.159437,3.369998,21.13685,Min.Soil,5.8098765519999995,0.05809876552,0.8525153839742443
42_3_V3.1,Bhs3,3,Bhs3.3,55,62,7,7.5YR3/3,7.5YR,3,3,0,NA,NA,NA,ls,2mang,fr,gs,10,f,Y,Y,42_3_V3.1_Bhs3.3,sample,V3.1_Bhs3.3,42_3_V3.1,Bhs3.3,0.124958,2.666544,21.33958,Min.Soil,4.597121856,0.04597121856,0.9327435855072732
42_3_V3.1,BC,1,BC.1,62,67,5,10YR4/4,10YR,4,4,7.5Y2.5/3,NA,NA,gr,ls,1mang,vfr,cs,25,f,Y,Y,42_3_V3.1_BC.1,sample,V3.1_BC1,42_3_V3.1,BC.1,0.090452,1.990993,22.0115,Min.Soil,3.432471932,0.03432471932,1.0254152683448854
42_3_V3.1,BC,2,BC.2,67,77,10,10YR4/4,10YR,4,4,7.5Y2.5/3,NA,NA,gr,ls,1mang,vfr,cs,25,f,Y,Y,42_3_V3.1_BC.2,sample,V3.1_BC2,42_3_V3.1,BC.2,0.08533,1.864112,21.84583,Min.Soil,3.213729088,0.03213729088,1.0449138817601524
42_3_V3.1,BC,3,BC.3,77,82,5,10YR4/4,10YR,4,4,7.5Y2.5/3,NA,NA,gr,ls,1mang,vfr,cs,25,f,Y,Y,42_3_V3.1_BC.3,sample,V3.1_D1,42_3_V3.1,BC.3,0.046388,1.128631,24.33004,Min.Soil,1.945759844,0.019457598439999998,1.1743569961994398
42_3_V3.1,D,2,D.2,108,123,15,2.5Y5/3,2.5Y,5,3,0,NA,NA,NA,ls,NA,NA,NA,0,0,Y,Y,42_3_V3.1_D.2,sample,V3.1_D5,42_3_V3.1,D.2,0.012708,0.401695,31.61026,Min.Soil,0.69252218,0.0069252218,1.3382070065901015
42_3_V3.1,D,10,D.10,270,275,5,0,0,0,0,0,NA,NA,NA,NA,NA,NA,NA,NA,NA,Y,Y,42_3_V3.1_D.10,sample,V3.1_D11,42_3_V3.1,D.10,0.00957,0.211023,22.04999,Min.Soil,0.363803652,0.00363803652,1.3890407467444659
42_4_PFM,E,NA,E,9,11.5,2.5,10YR4/2,10YR,4,2,0,NA,NA,NA,sl,2msbk,fr,aw,2,f,Y,Y,42_4_PFM_E,sample,42.4_E,42_4_PFM,E,0.147391,2.355376,15.98049,Min.Soil,4.0606682240000005,0.040606682240000004,0.9732582406569376
42_4_PFM,Bhs1,NA,Bhs1,11.5,16,4.5,5YR2.5/2,5YR,2.5,2,0,NA,NA,NA,sl,2msbk,fr,cs,2,f,Y,Y,42_4_PFM_Bhs1,sample,42.4_Bhs1,42_4_PFM,Bhs1,0.391606,6.590477,16.82936,Min.Soil,11.361982348,0.11361982347999999,0.6116586966988886
42_4_PFM,Bhs2,NA,Bhs2,16,36,20,7.5YR3/3,7.5YR,3,3,0,NA,NA,NA,sl,2msbk,fr,gs,10,0,Y,Y,42_4_PFM_Bhs2,sample,42.4_Bhs2,42_4_PFM,Bhs2,0.298212,5.515278,18.49449,Min.Soil,9.508339272,0.09508339272,0.6753619242306171
42_4_PFM,Bh,NA,Bh,36,45,9,10YR3/3,10YR,3,3,0,NA,NA,NA,sl,2msbk,fr,as,10,0,Y,Y,42_4_PFM_Bh,sample,42.4_Bh,42_4_PFM,Bh,0.152143,3.154836,20.73594,Min.Soil,5.438937264,0.054389372639999996,0.8755497074819667
42_4_PFM,BC,NA,BC,45,50.5,5.5,10YR4/4,10YR,4,4,0,NA,NA,NA,sl,2msbk,fr,NA,10,0,Y,Y,42_4_PFM_BC,sample,42.4_BC,42_4_PFM,BC,0.149297,3.138989,21.02515,Min.Soil,5.411617036,0.05411617036,0.8772955322088839
42_4_V4.1,Oa,NA,Oa,8,16,8,5YR2.5/1,5YR,2.5,1,NA,NA,NA,NA,NA,NA,NA,as,0,c,Y,Y,42_4_V4.1_Oa,sample,V4.1_Oa,42_4_V4.1,Oa,0.901933,18.91962,20.97674,Min.Soil,32.617424879999994,0.32617424879999996,0.2938398680832651
42_4_V4.1,E,NA,E,16,24,8,7.5YR5/2,7.5YR,5,2,5YR4/1,NA,NA,NA,ls,2msbk,fr,aw,2,f,Y,Y,42_4_V4.1_E,sample,V4.1_E,42_4_V4.1,E,0.070206,1.369657,19.50917,Min.Soil,2.361288668,0.023612886679999997,1.128541902483799
42_4_V4.1,Bhs1,NA,Bhs1,24,32.5,8.5,5YR3/1,5YR,3,1,0,NA,NA,NA,sl,2msbk,fr,cw,2,f,Y,Y,42_4_V4.1_Bhs1,sample,V4.1_Bhs1,42_4_V4.1,Bhs1,0.154016,2.831048,18.38147,Min.Soil,4.880726752,0.04880726752,0.9126584905413273
42_4_V4.1,Bhs2,1,Bhs2.1,32.5,38,5.5,7.5YR3/3,7.5YR,3,3,0,NA,NA,NA,sl,2msbk,fr,cs,2,f,Y,Y,42_4_V4.1_Bhs2.1,sample,V4.1_Bhs2.1,42_4_V4.1,Bhs2.1,0.221101,4.557301,20.61185,Min.Soil,7.856786924,0.07856786923999999,0.7444413992971172
42_4_V4.1,Bhs2,2,Bhs2.2,38,43,5,7.5YR3/3,7.5YR,3,3,0,NA,NA,NA,sl,2msbk,fr,cs,2,f,Y,Y,42_4_V4.1_Bhs2.2,sample,V4.1_Bhs2.2,42_4_V4.1,Bhs2.2,0.215078,4.786913,22.25663,Min.Soil,8.252638012,0.08252638012,0.726627308104504
42_4_V4.1,Bh,1,Bh.1,43,50,7,10YR3/2,10YR,3,2,10YR2/2,NA,NA,NA,sl,2msbk,fr,gs,2,f,Y,Y,42_4_V4.1_Bh.1,sample,V4.1_Bh1,42_4_V4.1,Bh.1,0.188937,4.372786,23.14413,Min.Soil,7.538683063999999,0.07538683063999999,0.7594024131362116
42_4_V4.1,Bh,2,Bh.2,50,56.5,6.5,10YR3/2,10YR,3,2,10YR2/2,NA,NA,NA,sl,2msbk,fr,gs,2,f,Y,Y,42_4_V4.1_Bh.2,sample,V4.1_Bh2,42_4_V4.1,Bh.2,0.168609,3.75469,22.26864,Min.Soil,6.47308556,0.0647308556,0.8142168354397038
42_4_V4.1,BC,NA,BC,56.5,66,9.5,10YR4/3,10YR,4,3,5YR3/2,NA,NA,NA,sl,2msbk,fr,gs,2,0,Y,Y,42_4_V4.1_BC,sample,V4.1_BC,42_4_V4.1,BC,0.088525,2.078194,23.47568,Min.Soil,3.5828064559999997,0.03582806456,1.0124311164613433
42_4_V4.1,C,2,C.2,82,90,8,2.5Y5/3,2.5Y,5,3,0,NA,NA,vgr,ls,1mpl,vfr,NA,40,0,Y,Y,42_4_V4.1_C.2,sample,V4.1_Cd2,42_4_V4.1,C.2,0.012055,0.357995,29.69631,Min.Soil,0.6171833800000001,0.006171833800000001,1.3495261325456622
42_4_V4.1,D,4,D.4,118,126.5,8.5,5Y5/2,5Y,5,2,0,NA,NA,NA,fsl,NA,NA,NA,0,0,Y,Y,42_4_V4.1_D.4,sample,V4.1_D4,42_4_V4.1,D.4,0.008238,0.201354,24.44088,Min.Soil,0.347134296,0.00347134296,1.3917216168776525
42_4_V4.1,D,9,D.9,180,184,4,NA,NA,NA,NA,NA,NA,NA,NA,NA,NA,NA,NA,NA,NA,Y,Y,42_4_V4.1_D.9,sample,V4.1_D9,42_4_V4.1,D.9,0.007916,0.174403,22.03191,Min.Soil,0.300670772,0.0030067077199999997,1.3992490888520777
52_2_PFM,Oa,NA,Oa,8,10,2,5YR2.5/1,5YR,2.5,1,0,NA,NA,NA,NA,1mgr,NA,cb,0,m,Y,Y,52_2_PFM_Oa,sample,52.2_Oa,52_2_PFM,Oa,1.859805,31.2401,16.79751,Min.Soil,53.8579324,0.5385793240000001,0.19341285567690703
52_2_PFM,E,NA,E,10,30,20,5YR4/1,5YR,4,1,0,NA,NA,NA,sl,2msbk,fr,NA,5,c,Y,Y,52_2_PFM_E,sample,52.2_E,52_2_PFM,E,0.15349,2.724032,17.74726,Min.Soil,4.696231168,0.04696231168,0.9256248747795852
52_2_X2.1,Oa,NA,Oa,7,12.5,5.5,5YR2.5/1,5YR,2.5,1,0,NA,NA,NA,NA,1mgr,fr,cs,0,m,Y,Y,52_2_X2.1_Oa,sample,X2.1_Oa,52_2_X2.1,Oa,1.275378,25.06405,19.65226,Min.Soil,43.210422200000004,0.43210422200000004,0.23340038438858351
52_2_X2.1,E1,1,E1.1,12.5,19.5,7,5YR5/2,5YR,5,2,0,NA,NA,NA,sl,2msbk,fr,cs,2,NA,Y,Y,52_2_X2.1_E1.1,sample,X2.1_E1.1,52_2_X2.1,E1.1,0.096032,1.906842,19.85635,Min.Soil,3.2873956079999997,0.032873956079999996,1.0382650022282014
52_2_X2.1,E1,2,E1.2,19.5,26,6.5,5YR5/2,5YR,5,2,0,NA,NA,NA,sl,2msbk,fr,cs,2,NA,Y,Y,52_2_X2.1_E1.2,sample,X2.1_E1.2,52_2_X2.1,E1.2,0.068476,1.090734,15.92866,Min.Soil,1.8804254160000002,0.018804254160000002,1.181901192836135
52_2_X2.1,E2,NA,E2,26,30,4,7.5YR5/1,7.5YR,5,1,0,NA,NA,NA,sl,2msbk,fr,NA,2,NA,Y,Y,52_2_X2.1_E2,sample,X2.1_E2,52_2_X2.1,E2,0.029576,0.443553,14.99702,Min.Soil,0.764685372,0.00764685372,1.327541615757178
52_3_PFM,Oa,NA,Oa,16.5,23,6.5,7.5YR3/1,7.5YR,3,1,0,NA,NA,NA,NA,1mgr,NA,as,0,c,Y,Y,52_3_PFM_Oa,sample,52.3_Oa,52_3_PFM,Oa,1.096479,20.1491,18.37619,Min.Soil,34.7370484,0.347370484,0.27936447946265325
52_3_PFM,Bhs1,NA,Bhs1,23,33,10,7.5YR3/1,7.5YR,3,1,7.5YR2.5/1,NA,NA,gr,sl,2msbk,fr,cw,20,f,Y,Y,52_3_PFM_Bhs1,sample,52.3_Bhs1,52_3_PFM,Bhs1,0.409462,8.367753,20.43599,Min.Soil,14.426006172000001,0.14426006172,0.5291549367687007
52_3_PFM,Bhs2,NA,Bhs2,33,48,15,7.5YR3/2,7.5YR,3,2,0,NA,NA,vgr,sl,1msbk,fr,NA,50,NA,Y,Y,52_3_PFM_Bhs2,sample,52.3_Bhs2,52_3_PFM,Bhs2,0.083263,1.660616,19.94422,Min.Soil,2.862901984,0.028629019840000002,1.0777835081084792
52_3_X3.1,Oa,NA,Oa,4,9,5,10YR2.5/1,10YR,2.5,1,0,NA,NA,NA,NA,1mgr,vfr,cs,0,c,Y,Y,52_3_X3.1_Oa,sample,X3.1_Oa,52_3_X3.1,Oa,0.602179,11.15172,18.51894,Min.Soil,19.225565279999998,0.19225565279999998,0.43685329804973017
52_3_X3.1,E,NA,E,9,15,6,5YR4/1,5YR,4,1,0,NA,NA,NA,ls,2msbk,vfr,as,5,NA,Y,Y,52_3_X3.1_E,sample,X3.1_E,52_3_X3.1,E,0.11844,1.849276,15.61361,Min.Soil,3.1881518239999997,0.03188151824,1.0472423556904469
52_3_X3.1,Bhs1,NA,Bhs1,15,20,5,7.5YR2.5/1,7.5YR,2.5,1,10YR2.5/1,NA,NA,NA,sl,2msbk,fr,cs,5,f,Y,Y,52_3_X3.1_Bhs1,sample,X3.1_Bhs1,52_3_X3.1,Bhs1,0.461684,8.570352,18.56322,Min.Soil,14.775286847999999,0.14775286848,0.5211417934502304
52_3_X3.1,Bhs2,1,Bhs2.1,20,28,8,7.5YR2.5/2,7.5YR,2.5,2,0,NA,NA,NA,sl,2msbk,fr,aw,10,f,Y,Y,52_3_X3.1_Bhs2.1,sample,X3.1_Bhs2.1,52_3_X3.1,Bhs2.1,0.32405,6.539672,20.18107,Min.Soil,11.274394528,0.11274394528000001,0.614397063364265
52_3_X3.1,Bhs2,2,Bhs2.2,28,36,8,7.5YR2.5/2,7.5YR,2.5,2,0,NA,NA,NA,sl,2msbk,fr,aw,10,f,Y,Y,52_3_X3.1_Bhs2.2,sample,X3.1_Bhs2.2,52_3_X3.1,Bhs2.2,0.313042,6.539776,20.89105,Min.Soil,11.274573823999999,0.11274573823999999,0.6143914327668168
52_3_X3.1,Bhs2,3,Bhs2.3,36,46,10,7.5YR2.5/2,7.5YR,2.5,2,0,NA,NA,NA,sl,2msbk,fr,aw,10,f,Y,Y,52_3_X3.1_Bhs2.3,sample,X3.1_Bhs2.3,52_3_X3.1,Bhs2.3,0.209279,4.682695,22.37536,Min.Soil,8.07296618,0.0807296618,0.734606075853886
52_3_X3.1,BC,1,BC.1,46,55,9,10YR4/4,10YR,4,4,5YR2.5/2,NA,NA,NA,ls,2msbk,fr,NA,15,NA,Y,Y,52_3_X3.1_BC.1,sample,X3.1_BC1,52_3_X3.1,BC.1,0.105705,2.481449,23.47533,Min.Soil,4.278018076,0.04278018076,0.9564265150737875
52_3_X3.1,BC,2,BC.2,55,75,20,10YR4/4,10YR,4,4,5YR2.5/2,NA,NA,NA,ls,2msbk,fr,NA,15,NA,Y,Y,52_3_X3.1_BC.2,sample,X3.1_BC2,52_3_X3.1,BC.2,0.047221,1.154406,24.44692,Min.Soil,1.990195944,0.019901959440000002,1.169280729128226
52_3_X3.1,D,1,D.1,105,180,75,NA,NA,NA,NA,NA,NA,NA,NA,NA,NA,NA,NA,NA,NA,Y,Y,52_3_X3.1_D.1,sample,X3.1_D1,52_3_X3.1,D.1,0.009684,0.266844,27.55381,Min.Soil,0.46003905600000006,0.004600390560000001,1.3737632795744525
52_3_X3.1,D,3,D.3,280,300,20,NA,NA,NA,NA,NA,NA,NA,NA,NA,NA,NA,NA,NA,NA,Y,Y,52_3_X3.1_D.3,sample,X3.1_D3,52_3_X3.1,D.3,0.003191,0.051537,16.1508,Min.Soil,0.088849788,8.8849788e-4,1.434623694693025
52_4_PFM,Bh1,NA,Bh1,15,32,17,10YR3/1,10YR,3,1,0,NA,NA,NA,sl,2msbk,fr,cs,2,c,Y,Y,52_4_PFM_Bh1,sample,52.4_Bh1,52_4_PFM,Bh1,0.290942,5.232807,17.98577,Min.Soil,9.021359268,0.09021359268,0.6943605566291539
52_4_PFM,Bh2,NA,Bh2,32,63,31,10YR3/2,10YR,3,2,0,NA,NA,NA,sl,2msbk,fr,cs,2,f,Y,Y,52_4_PFM_Bh2,sample,52.4_Bh2,52_4_PFM,Bh2,0.202262,3.992686,19.74019,Min.Soil,6.883390664,0.06883390664,0.792199184396419
52_4_X4.1,Oa,NA,Oa,9,16,7,5YR2.5/1,5YR,2.5,1,NA,NA,NA,NA,NA,1mgr,NA,ab,0,NA,Y,Y,52_4_X4.1_Oa,sample,X4.1_Oa,52_4_X4.1,Oa,0.525917,11.54272,21.94779,Min.Soil,19.89964928,0.19899649279999998,0.42640697308379866
52_4_X4.1,E,NA,E,16,26,10,7.5YR4/2,7.5YR,4,2,7.5YR3/2,NA,NA,NA,sl,2msbk,fr,aw,2,f,Y,Y,52_4_X4.1_E,sample,X4.1_E,52_4_X4.1,E,0.05509,0.981546,17.81717,Min.Soil,1.6921853040000001,0.01692185304,1.2041895361443493
52_4_X4.1,Bhs,NA,Bhs,26,31,5,7.5YR2.5/1,7.5YR,2.5,1,0,NA,NA,NA,sl,2msbk,fr,aw,5,f,Y,Y,52_4_X4.1_Bhs,sample,X4.1_Bhs,52_4_X4.1,Bhs,0.264091,5.248801,19.87494,Min.Soil,9.048932924,0.09048932924000001,0.6932563182736972
52_4_X4.1,Bs1,NA,Bs1,31,36,5,7.5YR3/4,7.5YR,3,4,"7.5YR2.5/1, 7.5YR4/6",NA,NA,NA,sl,2msbk,fi,cw,10,NA,Y,Y,52_4_X4.1_Bs1,sample,X4.1_Bs1,52_4_X4.1,Bs1,0.187884,4.672497,24.86901,Min.Soil,8.055384828,0.08055384827999999,0.7353962408498602
52_4_X4.1,Bs2,1,Bs2.1,36,45,9,7.5YR2.5/2,7.5YR,2.5,2,7.5YR3/3,NA,NA,NA,sl,2msbk,fr,cs,5,NA,Y,Y,52_4_X4.1_Bs2.1,sample,X4.1_Bs2.1,52_4_X4.1,Bs2.1,0.228905,5.914241,25.83715,Min.Soil,10.196151484,0.10196151483999999,0.6502334924397639
52_4_X4.1,Bs2,2,Bs2.2,45,54.5,9.5,7.5YR2.5/2,7.5YR,2.5,2,7.5YR3/3,NA,NA,NA,sl,2msbk,fr,cs,5,NA,Y,Y,52_4_X4.1_Bs2.2,sample,X4.1_Bs2.2,52_4_X4.1,Bs2.2,0.203293,5.014555,24.6666,Min.Soil,8.645092819999999,0.08645092819999999,0.7097881751720538
52_4_X4.1,BC,1,BC.1,54.5,62,7.5,10YR3/4,10YR,3,4,2.5Y4/4,NA,NA,NA,sl,2msbk,fr,NA,25,NA,Y,Y,52_4_X4.1_BC.1,sample,X4.1_BC1,52_4_X4.1,BC.1,0.129888,2.580878,19.87011,Min.Soil,4.449433672,0.04449433672,0.943557073243391
52_4_X4.1,BC,2,BC.2,62,69,7,10YR3/4,10YR,3,4,2.5Y4/4,NA,NA,NA,sl,2msbk,fr,NA,25,NA,Y,Y,52_4_X4.1_BC.2,sample,X4.1_BC2,52_4_X4.1,BC.2,0.114135,2.344591,20.54233,Min.Soil,4.042074884,0.04042074884,0.9747256710188394
52_4_X4.1,D,3,D.3,109,111,2,10YR5/2,10YR,5,2,0,NA,NA,vgr,s,NA,NA,NA,NA,NA,Y,Y,52_4_X4.1_D.3,sample,X4.1_D1,52_4_X4.1,D.3,0.020958,0.434117,20.71335,Min.Soil,0.748417708,0.0074841770799999995,1.3299310333341698
52_4_X4.1,D,6,D.6,134,144,10,10YR5/3,10YR,5,3,0,NA,NA,NA,s,NA,NA,NA,NA,NA,Y,Y,52_4_X4.1_D.6,sample,X4.1_D3,52_4_X4.1,D.6,0.012517,0.331247,26.46357,Min.Soil,0.5710698280000001,0.005710698280000001,1.3565493329808427
52_4_X4.1,D,8,D.8,155,160,5,10YR5/2,10YR,5,2,0,NA,NA,gr,s,NA,NA,NA,NA,NA,Y,Y,52_4_X4.1_D.8,sample,X4.1_D4,52_4_X4.1,D.8,0.020904,0.283143,13.54524,Min.Soil,0.48813853199999996,0.00488138532,1.3693656448952551
52_4_X4.1,D,9,D.9,160,172,12,2.5Y6/2,2.5Y,6,2,0,NA,NA,NA,lfs,NA,NA,NA,NA,NA,Y,Y,52_4_X4.1_D.9,sample,X4.1_D5,52_4_X4.1,D.9,0.007922,0.15438,19.48843,Min.Soil,0.26615111999999996,0.0026615111999999997,1.4048944892116404
52_4_X4.1,D,16,D.16,262,291,29,2.5Y6/2,2.5Y,6,2,0,NA,NA,NA,fsl,NA,NA,NA,NA,NA,Y,Y,52_4_X4.1_D.16,sample,X4.1_D9,52_4_X4.1,D.16,0.006277,0.049281,7.85162,Min.Soil,0.084960444,8.4960444e-4,1.4352899544737558
86_2_PFM,Oa,NA,Oa,12,19,7,5YR2.5/1,5YR,2.5,1,NA,NA,NA,NA,NA,NA,NA,NA,0,c,Y,Y,86_2_PFM_Oa,sample,86.2_Oa,86_2_PFM,Oa,1.858737,30.14081,16.21574,Min.Soil,51.96275644,0.5196275644,0.19949644130085428
86_2_PFM,E,NA,E,19,23,4,10YR4/2,10YR,4,2,NA,NA,NA,NA,ls,1msbk,fr,as,3,f,Y,Y,86_2_PFM_E,sample,86.2_E,86_2_PFM,E,0.012133,0.477826,39.38271,Min.Soil,0.8237720239999999,0.00823772024,1.3189346435933527
86_2_W2.2,Oa,NA,Oa,11,16,5,5YR2.5/1,5YR,2.5,1,NA,NA,NA,NA,NA,1mgr,vfr,aw,0,c,Y,Y,86_2_W2.2_Oa,sample,W2.1_Oa,86_2_W2.2,Oa,1.962904,33.98549,17.31388,Min.Soil,58.59098476,0.5859098476,0.17972531286953253
86_2_W2.2,E,1,E.1,16,23,7,7.5YR5/1,7.5YR,5,1,NA,NA,NA,NA,ls,2msbk,fr,vas,2,f,Y,Y,86_2_W2.2_E.1,sample,W2.1_E1,86_2_W2.2,E.1,0.029334,0.658725,22.45601,Min.Soil,1.1356419,0.011356419,1.2752934686212476
86_2_W2.2,E,2,E.2,23,31,8,7.5YR5/1,7.5YR,5,1,NA,NA,NA,NA,ls,2msbk,fr,vas,2,f,Y,Y,86_2_W2.2_E.2,sample,W2.1_E2,86_2_W2.2,E.2,0.036919,0.723439,19.59507,Min.Soil,1.247208836,0.01247208836,1.2603746342755522
86_3_PFM,Oa,NA,Oa,13,30,17,5YR2.5/1,5YR,2.5,1,0,NA,NA,NA,NA,2mgr,NA,cs,0,m,Y,Y,86_3_PFM_Oa,sample,86.3_Oa,86_3_PFM,Oa,1.739456,25.4651,14.63969,Min.Soil,43.901832399999996,0.43901832399999996,0.23030840399869223
86_3_PFM,Bhs1,NA,Bhs1,30,44,14,5YR2.5/1,5YR,2.5,1,0,NA,NA,NA,l,2msbk,fr,cw,0,c,Y,Y,86_3_PFM_Bhs1,sample,86.3_Bhs1,86_3_PFM,Bhs1,1.09577,17.80963,16.25307,Min.Soil,30.703802119999995,0.30703802119999996,0.3082601597018704
86_3_PFM,Bhs2,NA,Bhs2,44,72,28,7.5YR2.5/3,7.5YR,2.5,3,0,NA,NA,NA,sl,2msbk,fr,cs,5,f,Y,Y,86_3_PFM_Bhs2,sample,86.3_Bhs2,86_3_PFM,Bhs2,0.214383,6.280102,29.29383,Min.Soil,10.826895848,0.10826895848,0.6287793776674967
86_3_PFM,C,NA,C,72,75,3,7.5YR3/4,7.5YR,3,4,7.5YR4/6,NA,NA,gr,ls,1msbk,fi,NA,25,NA,Y,Y,86_3_PFM_C,sample,86.3_C,86_3_PFM,C,0.038591,1.239036,32.10658,Min.Soil,2.136098064,0.02136098064,1.1529175293433018
86_3_W3.2,Oa,NA,Oa,7,12,5,5YR2.5/1,5YR,2.5,1,2.5YR2.5/3,NA,NA,NA,NA,1mgr,vfr,cs,0,f,Y,Y,86_3_W3.2_Oa,sample,W3.2_Oa,86_3_W3.2,Oa,1.869428,32.8011,17.54606,Min.Soil,56.549096399999996,0.565490964,0.18538517482119565
86_3_W3.2,A,NA,A,12,17,5,5YR3/1,5YR,3,1,NA,NA,NA,NA,sl,2msbk,fr,ci,0,f,Y,Y,86_3_W3.2_A,sample,W3.2_A,86_3_W3.2,A,0.512992,10.66489,20.78959,Min.Soil,18.38627036,0.1838627036,0.45059779572359043
86_3_W3.2,Bhs1,NA,Bhs1,17,20,3,5YR2.5/2,5YR,2.5,2,NA,NA,NA,NA,sl,2msbk,fr,cs,0,f,Y,Y,86_3_W3.2_Bhs1,sample,W3.2_Bhs1,86_3_W3.2,Bhs1,0.398926,8.006473,20.07007,Min.Soil,13.803159452,0.13803159452,0.5440729421002617
86_3_W3.2,Bhs2,1,Bhs2.1,20,27,7,7.5YR3/2,7.5YR,3,2,NA,NA,NA,NA,ls,2msbk,fr,aw,0,f,Y,Y,86_3_W3.2_Bhs2.1,sample,W3.2_Bhs2.1,86_3_W3.2,Bhs2.1,0.283204,6.000777,21.18887,Min.Soil,10.345339548,0.10345339548,0.6450278839872255
86_3_W3.2,Bhs2,2,Bhs2.2,27,34,7,7.5YR3/2,7.5YR,3,2,NA,NA,NA,NA,ls,2msbk,fr,aw,0,f,Y,Y,86_3_W3.2_Bhs2.2,sample,W3.2_Bhs2.2,86_3_W3.2,Bhs2.2,0.291245,5.882711,20.19847,Min.Soil,10.141793763999999,0.10141793764,0.652151138358281
86_3_W3.2,Bhs3,1,Bhs3.1,34,41,7,7.5YR3/3,7.5YR,3,3,NA,NA,NA,gr,ls,2msbk,vfr,ab,2,0,Y,Y,86_3_W3.2_Bhs3.1,sample,W3.2_Bhs3.1,86_3_W3.2,Bhs3.1,0.104066,2.385181,22.91986,Min.Soil,4.112052044,0.04112052044,0.9692257902486486
86_3_W3.2,Bhs3,2,Bhs3.2,41,49,8,7.5YR3/3,7.5YR,3,3,NA,NA,NA,gr,ls,2msbk,vfr,ab,2,0,Y,Y,86_3_W3.2_Bhs3.2,sample,W3.2_Bhs3.2,86_3_W3.2,Bhs3.2,0.109855,2.419421,22.0237,Min.Soil,4.171081804,0.04171081804,0.9646343567218735
86_4_PFM,Oa,NA,Oa,5,10,5,5YR2.5/1,5YR,2.5,1,NA,NA,NA,NA,NA,1sbk,fr,as,0,m,Y,Y,86_4_PFM_Oa,sample,86.4_Oa,86_4_PFM,Oa,1.000371,24.67273,24.66357,Min.Soil,42.53578652,0.4253578652,0.2364984366778706
86_4_PFM,E,NA,E,10,16,6,10YR6/2,10YR,6,2,0,NA,NA,NA,NA,1sbk,fr,ci,0,f,Y,Y,86_4_PFM_E,sample,86.4_E,86_4_PFM,E,0.060784,1.255347,20.65265,Min.Soil,2.1642182279999997,0.02164218228,1.1498162981195652
86_4_PFM,Bhs,NA,Bhs,16,21,5,5YR2.5/1,5YR,2.5,1,0,NA,NA,NA,NA,2sbk,fr,ci,5,f,Y,Y,86_4_PFM_Bhs,sample,86.4_Bhs,86_4_PFM,Bhs,0.377099,7.907612,20.96961,Min.Soil,13.632723088,0.13632723088,0.5483028360289712
86_4_PFM,Bs,NA,Bs,21,63,42,7.5YR3/4,7.5YR,3,4,0,NA,NA,NA,NA,2sbk,fr,gs,10,f,Y,Y,86_4_PFM_Bs,sample,86.4_Bs,86_4_PFM,Bs,0.206474,6.097517,29.53162,Min.Soil,10.512119307999999,0.10512119308,0.6393062459860248
86_4_PFM,BC,NA,BC,63,101,38,10YR3/6,10YR,3,6,0,NA,NA,NA,NA,1sbk,vfr,NA,35,0,Y,Y,86_4_PFM_BC,sample,86.4_BC,86_4_PFM,BC,0.185748,5.118129,27.55422,Min.Soil,8.823654396,0.08823654396,0.7023822403059538
86_4_W4.1,Oa,NA,Oa,8,15,7,5YR2.5/2,5YR,2.5,2,0,NA,NA,NA,NA,1mgr,vfr,as,0,m,Y,Y,86_4_W4.1_Oa,sample,W4.1_Oa,86_4_W4.1,Oa,1.50145,28.6483,19.08042,Min.Soil,49.3896692,0.493896692,0.2083960035737981
86_4_W4.1,E,NA,E,15,19.5,4.5,7.5YR5/1,7.5YR,5,1,0,NA,NA,NA,ls,2msbk,vfr,aw,5,f,Y,Y,86_4_W4.1_E,sample,W4.1_E,86_4_W4.1,E,0.061877,1.23968,20.03465,Min.Soil,2.1372083199999996,0.021372083199999996,1.1527947676235313
86_4_W4.1,Bhs,NA,Bhs,19.5,24,4.5,7.5YR2.5/2,7.5YR,2.5,2,0,NA,NA,NA,sl,2msbk,fr,cw,10,f,Y,Y,86_4_W4.1_Bhs,sample,W4.1_Bhs,86_4_W4.1,Bhs,0.243477,5.288785,21.72186,Min.Soil,9.11786534,0.0911786534,0.6905110954933247
86_4_W4.1,Bs,1,Bs.1,24,33,9,7.5YR3/4,7.5YR,3,4,0,NA,NA,NA,sl,2msbk,fr,cs,10,f,Y,Y,86_4_W4.1_Bs.1,sample,W4.1_Bs1,86_4_W4.1,Bs.1,0.118811,2.82071,23.74122,Min.Soil,4.86290404,0.048629040400000004,0.9138952011339206
86_4_W4.1,Bs,2,Bs.2,33,43,10,7.5YR3/4,7.5YR,3,4,0,NA,NA,NA,sl,2msbk,fr,cs,10,f,Y,Y,86_4_W4.1_Bs.2,sample,W4.1_Bs2,86_4_W4.1,Bs.2,0.140698,3.148525,22.37796,Min.Soil,5.428057099999999,0.05428057099999999,0.8762441414758431
86_4_W4.1,Bs,3,Bs.3,43,53,10,7.5YR3/4,7.5YR,3,4,0,NA,NA,NA,sl,2msbk,fr,cs,10,f,Y,Y,86_4_W4.1_Bs.3,sample,W4.1_Bs3,86_4_W4.1,Bs.3,0.16146224240461984,4.048389355341594,25.073288312176686,Min.Soil,6.979423248608907,0.06979423248608907,0.7872168031063558
86_4_W4.1,BC,1,BC.1,53,62,9,10YR3/4,10YR,3,4,5YR3/3,NA,NA,NA,sl,2mabk,fr,gs,20,0,Y,Y,86_4_W4.1_BC.1,sample,W4.1_BC1,86_4_W4.1,BC.1,0.167719,4.003479,23.87013,Min.Soil,6.901997795999999,0.06901997795999999,0.7912288854514034
86_4_W4.1,BC,2,BC.2,62,82,20,10YR3/4,10YR,3,4,5YR3/3,NA,NA,NA,sl,2mabk,fr,gs,20,0,Y,Y,86_4_W4.1_BC.2,sample,W4.1_BC2,86_4_W4.1,BC.2,0.105418,2.693903,25.55447,Min.Soil,4.644288772,0.046442887720000006,0.9293421286034894
86_4_W4.1,D,1,D.1,82,92,10,10YR5/3,10YR,5,3,5YR3/3,NA,NA,gr,sl,2mapl,NA,NA,30,NA,Y,Y,86_4_W4.1_D.1,sample,W4.1_D1,86_4_W4.1,D.1,0.04981,1.466083,29.43361,Min.Soil,2.527527092,0.025275270920000002,1.1111986556463833
86_4_W4.1,D,2,D.2,100,110,10,10YR5/3,10YR,5,3,0,NA,NA,vgr,ls,NA,NA,NA,35,NA,Y,Y,86_4_W4.1_D.2,sample,W4.1_D2,86_4_W4.1,D.2,0.043857,1.243648,28.3571,Min.Soil,2.144049152,0.02144049152,1.1520389488416671
86_4_W4.1,D,4,D.4,125,135,10,10YR5/3,10YR,5,3,0,NA,NA,gr,s,NA,NA,NA,21,NA,Y,Y,86_4_W4.1_D.4,sample,W4.1_D4,86_4_W4.1,D.4,0.020705,0.588346,28.415,Min.Soil,1.014308504,0.01014308504,1.2919244238084144
