ID,Pedon,Horizon,R,Acquisition Time,QC Status,Dataset File,Method File,Y_mgL,Ca_mgL,P_mgL,K_mgL,Mg_mgL,Na_mgL,Al_mgL,Fe_mgL,Mn_mgL,Extraction Lab,Ca_mgKg,Ca_cmolKg,Na_mgKg,Na_cmolKg,Mg_mgKg,Mg_cmolKg,K_mgKg,K_cmolKg,Al_mgKg,P_mgKg,Fe_mgKg,Mn_mgKg,CEC_cmolKg
2,42_2_PFM,E1,NA,5/27/2021 3:21:09 PM,NA,HB Mod Morgan 5-27-21,Soil Modified Morgan,5.051909116292102,0.5214475662363716,1.1559911382546435,1.0361085162704757,0.4865164375261755,0.3596623609760634,16.352878419928267,6.510651092836791,0.4207815252104953,VT,2.607237831181858,0.013010168818272747,1.798311804880317,0.007822147911615125,2.4325821876308775,0.020021252573093642,5.180542581352379,0.013249469517525264,81.76439209964133,5.7799556912732175,32.553255464183955,2.1039076260524765,0.05410303882050678
3,42_2_PFM,E2,NA,5/27/2021 3:24:47 PM,NA,HB Mod Morgan 5-27-21,Soil Modified Morgan,5.081350063647664,0.16522095981375293,0.7765027571830657,0.01944301289933048,0.09340725793653465,0.13237772867392808,5.33592248898374,4.070088251033861,0.13758792281687157,VT,0.8261047990687647,0.0041222794364708815,0.6618886433696404,0.0028790284618079184,0.46703628968267324,0.0038439200796927834,0.0972150644966524,2.4863187850806244e-4,26.6796124449187,3.8825137859153287,20.350441255169308,0.687939614084358,0.011093859856479645
4,42_3_PFM,Oa,NA,5/27/2021 3:28:23 PM,NA,HB Mod Morgan 5-27-21,Soil Modified Morgan,4.992540959931126,7.2470560710099194,2.9861917522956025,18.04548523663441,4.363119684977926,1.6800972062367294,22.053566550225295,3.960852093868889,5.693984609980356,VT,36.235280355049596,0.1808147722307864,8.400486031183647,0.036539739152603945,21.81559842488963,0.17955225041061423,90.22742618317204,0.23076068077537606,110.26783275112648,14.930958761478013,19.804260469344445,28.46992304990178,0.6276674425693807
5,42_3_PFM,Bhs1,NA,5/27/2021 3:38:03 PM,NA,HB Mod Morgan 5-27-21,Soil Modified Morgan,4.772197301438141,0.7119806879267008,2.1462415333115885,3.2723601657088994,0.846693664310376,0.3081533951342976,27.496632668551477,10.460656795693591,1.8788680157625248,VT,3.559903439633504,0.017763989219728066,1.5407669756714881,0.0067019007206241335,4.23346832155188,0.034843360671208884,16.361800828544496,0.04184603792466623,137.4831633427574,10.731207666557943,52.30328397846796,9.394340078812624,0.10115528853622731
6,42_3_PFM,Bhs2,NA,5/27/2021 3:41:40 PM,NA,HB Mod Morgan 5-27-21,Soil Modified Morgan,4.946865795708649,0.5807398282229004,1.4652319710429438,1.5121726743771546,0.39067023524280137,0.26529201335547825,35.88650984480001,3.0517147846794104,4.343331513424971,VT,2.903699141114502,0.014489516672228054,1.3264600667773911,0.005769726258274864,1.9533511762140068,0.016076964413284007,7.560863371885773,0.019337246475411185,179.43254922400004,7.326159855214719,15.258573923397053,21.716657567124855,0.05567345381919811
7,42_3_PFM,Bhs3,NA,5/27/2021 4:15:06 PM,NA,HB Mod Morgan 5-27-21,Soil Modified Morgan,4.983954473187299,1.0777058986262529,1.5907240660606659,2.0096094791518406,0.41738771550227655,0.47414585024995926,38.55893200233417,3.1460135280801804,2.1095787816948617,VT,5.388529493131264,0.026888869726203912,2.3707292512497964,0.010312001962809032,2.0869385775113827,0.01717644919762455,10.048047395759204,0.025698330935445535,192.79466001167083,7.9536203303033295,15.730067640400902,10.547893908474308,0.08007565182208302
8,42_3_PFM,BC,NA,5/27/2021 4:25:00 PM,NA,HB Mod Morgan 5-27-21,Soil Modified Morgan,4.987094247460323,1.2579267502988887,1.842547408650159,2.4828500754027196,0.5331923509217824,0.43477405549736636,39.9010122313659,4.84525650863783,2.408746938868741,VT,6.289633751494444,0.03138539796154912,2.1738702774868317,0.00945572108519718,2.665961754608912,0.021942072054394336,12.4142503770136,0.031750000964229155,199.50506115682947,9.212737043250796,24.22628254318915,12.043734694343705,0.0945331920653698
9,42_4_PFM,Oa,NA,5/27/2021 4:28:35 PM,NA,HB Mod Morgan 5-27-21,Soil Modified Morgan,4.900707293914554,49.66875454198666,5.954914072599771,22.511166809047015,10.040526859689868,1.0735609630560836,4.179084365771995,2.2657583518217783,6.491122797882118,VT,248.3437727099333,1.2392403827840983,5.367804815280418,0.02334843329830543,50.20263429844934,0.4131904057485542,112.55583404523507,0.2878665832358953,20.895421828859977,29.77457036299886,11.328791759108892,32.455613989410594,1.9636458050668533
10,42_4_PFM,E,NA,5/27/2021 4:32:11 PM,NA,HB Mod Morgan 5-27-21,Soil Modified Morgan,5.054796506572813,2.9431226994102815,0.8336895156941765,4.002972692025481,0.9639360073158756,0.48146889310248625,3.0841609261348504,1.7732776566013186,0.24899412350353742,VT,14.715613497051407,0.07343120507510684,2.4073444655124314,0.010471267792572559,4.819680036579379,0.039668148449212993,20.014863460127405,0.05118890910518518,15.420804630674253,4.168447578470883,8.866388283006593,1.2449706175176871,0.17475953042207756
11,42_4_PFM,Bhs1,NA,5/27/2021 4:39:30 PM,NA,HB Mod Morgan 5-27-21,Soil Modified Morgan,4.905972323516586,2.4458345342443515,1.693185698922442,7.712052429780628,2.3963380719672993,1.0745166174481722,25.26152132752368,55.421835213203536,0.36263928442116106,VT,12.229172671221757,0.061023815724659466,5.37258308724086,0.023369217430364773,11.981690359836497,0.09861473547190533,38.56026214890314,0.09861959628875484,126.30760663761842,8.465928494612212,277.10917606601765,1.8131964221058052,0.2816273649156844
13,42_4_PFM,Bhs2,NA,5/27/2021 4:46:36 PM,NA,HB Mod Morgan 5-27-21,Soil Modified Morgan,4.9834094266128535,1.5980477231466366,0.8527431852018231,4.717441092579562,0.9263956839930312,0.42381772384529937,45.31889036332205,14.757184273824901,0.34257496556676814,VT,7.990238615733183,0.0398714501783093,2.119088619226497,0.009217436360271844,4.631978419965156,0.038123279176667954,23.58720546289781,0.060325333664700276,226.59445181661025,4.263715926009116,73.78592136912451,1.7128748278338408,0.14753749937994937
14,42_4_PFM,Bh,NA,5/27/2021 4:50:16 PM,NA,HB Mod Morgan 5-27-21,Soil Modified Morgan,5.088001777927565,0.942364526212544,0.4182541787853386,1.538274959694296,0.20911793444528765,0.2897403193971299,30.635665279416614,1.5979852933220522,0.1715465291939195,VT,4.71182263106272,0.023512088977358882,1.4487015969856496,0.006301442353134623,1.0455896722264382,0.00860567631462089,7.69137479847148,0.01967103529020839,153.17832639708308,2.091270893926693,7.989926466610262,0.8577326459695975,0.058090242935322785
15,42_4_PFM,BC,NA,5/27/2021 4:53:59 PM,NA,HB Mod Morgan 5-27-21,Soil Modified Morgan,4.968702253764241,0.7583245643712704,0.35166937248170377,1.0129176550008956,0.11495034735878484,0.2226698622495189,21.75286484204896,0.8506572995664428,0.09054369779492469,VT,3.791622821856352,0.018920273562157447,1.1133493112475945,0.0048427547248699205,0.5747517367939242,0.004730466969497318,5.064588275004478,0.012952911189269764,108.76432421024482,1.7583468624085188,4.253286497832214,0.45271848897462347,0.04144640644579445
16,42_5_V5.1,Bhs,NA,5/27/2021 4:57:48 PM,NA,HB Mod Morgan 5-27-21,Soil Modified Morgan,4.959080395070078,2.6505241497655767,1.582307580755905,5.206048918790592,1.1915473941899009,0.7508993765482047,78.75907379445246,1.174758898475565,2.8320919753473364,VT,13.252620748827884,0.06613084206001937,3.7544968827410234,0.016330999924928334,5.9577369709495045,0.04903487218888481,26.03024459395296,0.06657351558555744,393.7953689722623,7.911537903779525,5.873794492377825,14.160459876736681,0.19807022975938995
17,42_5_V5.1,Bh1,NA,5/27/2021 5:01:28 PM,NA,HB Mod Morgan 5-27-21,Soil Modified Morgan,4.962516290921171,1.9492857988256933,0.6038673193900435,2.2174554868095235,0.3793664188677833,0.5335493223907856,47.859926290343935,1.2145529638083916,0.9775052114538363,VT,9.746428994128467,0.04863487522020193,2.6677466119539277,0.011603943505671718,1.8968320943389165,0.015611786784682441,11.08727743404762,0.028356208271221532,239.29963145171968,3.0193365969502173,6.072764819041958,4.8875260572691825,0.10420681378177762
18,42_5_V5.1,Bh2,NA,5/27/2021 5:05:08 PM,NA,HB Mod Morgan 5-27-21,Soil Modified Morgan,4.961952469280904,1.5344921790637664,0.4344496758142197,1.7486488596558578,0.24218906060769235,0.4211394142593916,36.97706862680673,1.3167908382595255,0.5023347846768587,VT,7.6724608953188325,0.03828573301057302,2.105697071296958,0.009159186912992423,1.2109453030384618,0.00996662800854701,8.743244298279292,0.02236123861452504,184.88534313403363,2.1722483790710987,6.583954191297628,2.5116739233842935,0.0797727865466375
19,52_2_PFM,E,NA,5/27/2021 5:08:47 PM,NA,HB Mod Morgan 5-27-21,Soil Modified Morgan,5.090259842271792,2.225162274166882,1.4709370196171399,4.077411739854891,1.2324216368166512,0.45383163821531736,14.787359806901776,7.471791892301863,0.8823225776063702,VT,11.12581137083441,0.05551802081254696,2.2691581910765866,0.009870196568406205,6.162108184083256,0.05071693978669346,20.387058699274455,0.05214081508765846,73.93679903450888,7.3546850980856995,37.358959461509315,4.4116128880318515,0.16824597225530508
20,52_3_PFM,Oa,NA,5/27/2021 5:12:20 PM,NA,HB Mod Morgan 5-27-21,Soil Modified Morgan,4.933987394017651,4.58642433642694,3.874373472516541,21.241625638787898,5.309710338872099,3.5781014498964,31.03246104877858,4.795756066450047,1.1000231222702164,VT,22.9321216821347,0.11443174492083183,17.890507249482003,0.07781864832310571,26.5485516943605,0.2185065983074938,106.20812819393949,0.27163204141672503,155.1623052438929,19.371867362582705,23.978780332250235,5.500115611351082,0.6823890329681563
22,52_3_PFM,Bhs1,NA,5/27/2021 5:19:30 PM,NA,HB Mod Morgan 5-27-21,Soil Modified Morgan,4.9547098106523375,2.2548441069490774,1.845088228603179,6.182463499515555,2.2707583435737635,0.8044710735153905,17.88697848939115,6.8426891948764785,0.3656964554924688,VT,11.274220534745387,0.05625858550272149,4.022355367576952,0.01749610860190062,11.353791717868818,0.09344684541455817,30.912317497577778,0.07905963554367718,89.43489244695577,9.225441143015896,34.213445974382395,1.8284822774623442,0.24626117506285744
23,52_3_PFM,Bhs2,NA,5/27/2021 5:23:02 PM,NA,HB Mod Morgan 5-27-21,Soil Modified Morgan,4.812492065487754,1.157693831351767,0.8507141711721702,1.4276836729209492,0.4934668735681261,0.26566105036386745,10.316880638999777,4.1406570086380095,0.12564255672006977,VT,5.788469156758835,0.02888457663053311,1.3283052518193372,0.0057777522915151685,2.4673343678406305,0.02030727874765951,7.138418364604746,0.01825682446190472,51.584403194998885,4.2535708558608505,20.703285043190046,0.6282127836003488,0.0732264321316125
24,52_4_PFM,Bh1,NA,5/27/2021 5:26:36 PM,NA,HB Mod Morgan 5-27-21,Soil Modified Morgan,4.84016514557522,2.3347466826453136,0.8823602958220906,4.921376778789102,1.1785769474647163,0.8839268976692922,58.29193640316838,3.640680068518407,1.059669861382086,VT,11.673733413226568,0.058252162740651536,4.419634488346461,0.019224160453877606,5.892884737323581,0.048501108949165275,24.60688389394551,0.06293320688988621,291.45968201584196,4.411801479110453,18.203400342592037,5.29834930691043,0.18891063903358063
25,52_4_PFM,Bh2,NA,6/3/2021 2:53:35 PM,NA,HB Mod Morgan 6-3-21b,Soil Modified Morgan,4.915102383231374,1.283906786651837,0.5256345107632806,2.581471679819894,0.502496440773202,0.7543463424468664,49.98584477534636,1.9554818544476975,0.29256084772788415,VT,6.419533933259185,0.03203360246137318,3.771731712234332,0.01640596656039292,2.5124822038660097,0.02067886587544041,12.90735839909947,0.0330111468007659,249.92922387673178,2.628172553816403,9.777409272238488,1.462804238639421,0.10212958169797241
26,52_4_X4.2,Oa,NA,6/3/2021 2:57:20 PM,NA,HB Mod Morgan 6-3-21b,Soil Modified Morgan,4.853725260352591,10.242912088656402,10.919300452280712,33.99437299247501,11.921136505508889,2.205127758464959,1.5729047100323201,0.23146297138512656,1.0449732870631825,VT,51.21456044328202,0.2555616788586927,11.025638792324795,0.04795841144986862,59.605682527544445,0.49058174919789665,169.97186496237504,0.43471065207768544,7.8645235501616,54.59650226140356,1.1573148569256329,5.224866435315913,1.2288124915841434
27,52_4_X4.2,E,NA,6/3/2021 3:39:17 PM,NA,HB Mod Morgan 6-3-21b,Soil Modified Morgan,4.755572266682257,0.28090239751211565,0.18710712912641675,0.7945507817816956,0.15819988639240506,0.13551085632204268,4.823897687183493,0.1756119745930722,0.018307526872631,VT,1.4045119875605783,0.007008542852098694,0.6775542816102134,0.0029471695589830945,0.7909994319620253,0.006510283390633953,3.972753908908478,0.01016049593071222,24.119488435917464,0.9355356456320838,0.878059872965361,0.091537634363155,0.02662649173242796
28,52_4_X4.2,Bhs,NA,6/3/2021 3:43:00 PM,NA,HB Mod Morgan 6-3-21b,Soil Modified Morgan,4.729231929233716,0.7780796033070358,0.2741876033390146,3.140787389364273,0.6952217598259574,0.7884011145648631,48.747960015587424,17.642299385806517,0.075958710823735745,VT,3.8903980165351792,0.019413163755165566,3.942005572824315,0.01714660971215448,3.4761087991297868,0.028609948964031167,15.703936946821367,0.0401635216031237,243.7398000779371,1.3709380166950733,88.21149692903259,0.37979355411867877,0.10533324403447492
29,52_4_X4.2,Bs,NA,6/3/2021 3:46:40 PM,NA,HB Mod Morgan 6-3-21b,Soil Modified Morgan,4.945124438055679,0.4762864842703496,0.12711930390537998,0.7455249027030665,0.10342027728777176,0.25684196434582135,47.31275802615514,0.5682733853499865,0.01580880051320863,VT,2.381432421351748,0.011883395316126488,1.2842098217291067,0.0055859496377951585,0.5171013864388587,0.004255978489208714,3.727624513515333,0.009533566530729752,236.5637901307757,0.6355965195268999,2.8413669267499326,0.079044002566043145,0.031258889973860116
30,52_4_X4.2,Cd,NA,6/3/2021 3:50:26 PM,NA,HB Mod Morgan 6-3-21b,Soil Modified Morgan,4.80516828595766,0.18885691712592736,0.07647492511028474,0.48212522605923114,0.03850505372182639,0.12488217571766622,16.2515851132167,0.5021236307482511,0.007390095859095788,VT,0.9442845856296368,0.0047119989302876085,0.6244108785883311,0.002716010781158465,0.19252526860913194,0.0015845701120093165,2.410626130296156,0.0061652842207062806,81.2579255660835,0.3823746255514237,2.5106181537412553,0.03695047929547894,0.01517786404416167
31,86_2_PFM,Oa,NA,6/3/2021 3:54:08 PM,NA,HB Mod Morgan 6-3-21b,Soil Modified Morgan,4.706062182640931,31.861063328367194,2.207357180706963,13.054450189987632,8.99652971826313,1.4051291828002483,4.542141606459081,4.966227842784451,0.5375211079032255,VT,159.30531664183601,0.794936709789601,7.025645914001242,0.030559573353637414,44.98264859131565,0.37022756042235105,65.27225094993815,0.16693670319677276,22.710708032295408,11.036785903534817,24.831139213922256,2.6876055395161274,1.3626605467623623
33,86_2_PFM,E,NA,6/3/2021 4:01:26 PM,NA,HB Mod Morgan 6-3-21b,Soil Modified Morgan,4.786306661053347,0.6550480074270295,0.03040613209523857,0.4011816941330938,0.10802197108257994,0.1896066783534271,1.899739831673888,0.03146244133169194,0.014334820699278071,VT,3.275240037135148,0.016343513159357025,0.9480333917671356,0.0041236772151680545,0.5401098554128997,0.004445348604221396,2.005908470665469,0.0051302006922390505,9.49869915836944,0.15203066047619285,0.15731220665845969,0.07167410349639036,0.030042739670985526
34,86_3_PFM,Oa,NA,6/3/2021 4:05:04 PM,NA,HB Mod Morgan 6-3-21b,Soil Modified Morgan,4.920509227474617,6.007978750477889,1.1207939707139303,10.500681283498611,2.9954993770036076,1.1575733643978303,77.6282401877115,1.0107606224685877,0.32593531164554673,VT,30.039893752389446,0.14989966942310104,5.7878668219891525,0.025175584262675743,14.977496885018038,0.12327157930055999,52.50340641749305,0.13427981180944515,388.1412009385575,5.603969853569652,5.053803112342939,1.6296765582277337,0.43262664479578194
35,86_3_PFM,Bhs1,NA,6/3/2021 4:08:34 PM,NA,HB Mod Morgan 6-3-21b,Soil Modified Morgan,4.670007593636774,5.035193433343421,1.6948073719164976,9.88015287878038,3.00993970686288,1.2619639918223573,118.19353870389746,1.9991274545765394,0.1889078778778679,VT,25.175967166717108,0.12562857867623306,6.3098199591117865,0.027445932836501902,15.0496985343144,0.12386583155814321,49.4007643939019,0.12634466596905858,590.9676935194873,8.474036859582487,9.995637272882698,0.9445393893893395,0.40328500903993675
36,86_3_PFM,Bhs2,NA,6/3/2021 4:12:02 PM,NA,HB Mod Morgan 6-3-21b,Soil Modified Morgan,4.840361240159819,2.304734923606803,0.35823242690314794,1.7176994992755419,0.4443135328254873,0.5025809354403592,67.8839696027111,2.533770807709175,0.05683885290320809,VT,11.523674618034015,0.05750336635745516,2.5129046772017958,0.010930424868211379,2.2215676641274364,0.018284507523682603,8.588497496377709,0.021965466742653986,339.4198480135555,1.79116213451574,12.668854038545875,0.28419426451604046,0.10868376549200313
37,86_3_PFM,C,NA,6/3/2021 4:19:05 PM,NA,HB Mod Morgan 6-3-21b,Soil Modified Morgan,4.754603740411908,0.7470931087342627,0.16228276146264983,0.5141823180939805,0.098571052949525,0.15937819934668787,25.218350076466855,2.9749353117758317,0.040674451234010145,VT,3.7354655436713142,0.01864004762311035,0.7968909967334393,0.0034662505295060438,0.49285526474762503,0.004056421932079219,2.5709115904699025,0.0065752214590023075,126.09175038233428,0.8114138073132492,14.874676558879159,0.20337225617005072,0.03273794154369792
38,86_4_PFM,Oa,NA,6/3/2021 4:22:40 PM,NA,HB Mod Morgan 6-3-21b,Soil Modified Morgan,4.8225086513183655,24.375551187243527,0.46370016405956793,13.064129979658764,5.105420110545227,1.2939192151618677,33.14330289323433,0.40926798173911005,0.6360050371602409,VT,121.87775593621764,0.6081724348114653,6.469596075809339,0.02814091377037555,25.527100552726132,0.2100995930265525,65.32064989829382,0.16706048567338574,165.71651446617165,2.31850082029784,2.0463399086955505,3.1800251858012047,1.0134734272817791
39,86_4_PFM,E,NA,6/3/2021 4:26:17 PM,NA,HB Mod Morgan 6-3-21b,Soil Modified Morgan,4.743102420522798,4.1893343017730444,0.22036864098442993,1.4870762299286158,0.586390231803124,0.23793695140428262,3.1454111849433994,0.42552429267986885,0.09192089686601815,VT,20.946671508865226,0.1045243089264732,1.189684757021413,0.005174792331541597,2.93195115901562,0.02413128525938782,7.435381149643079,0.0190163200758135,15.727055924716998,1.1018432049221496,2.127621463399344,0.45960448433009077,0.15284670659321611
40,86_4_PFM,Bhs,NA,6/3/2021 4:29:53 PM,NA,HB Mod Morgan 6-3-21b,Soil Modified Morgan,4.790495958487541,7.762571601265944,0.7452538133681539,4.097340055329199,1.6517847349403503,0.4827984288579762,30.53728269270659,38.15356972643855,0.1587639599500775,VT,38.81285800632972,0.19367693615932996,2.413992144289881,0.010500183315745459,8.258923674701752,0.06797468045022018,20.486700276645994,0.052395652881447555,152.68641346353294,3.7262690668407696,190.76784863219274,0.7938197997503875,0.32454745280674313
41,86_4_PFM,Bs,NA,6/3/2021 4:33:27 PM,NA,HB Mod Morgan 6-3-21b,Soil Modified Morgan,4.577195870461148,2.3308297151493864,0.24465561118484727,1.1066460095239568,0.3891418564839169,0.3263785524496604,81.61961729820773,3.383008006881057,0.05528334856495745,VT,11.654148575746932,0.05815443401071324,1.631892762248302,0.007098272128091788,1.9457092824195845,0.016014068168062424,5.533230047619783,0.014151483497748807,408.09808649103866,1.2232780559242364,16.915040034405283,0.27641674282478723,0.09541825780461625
42,86_4_PFM,BC,NA,6/3/2021 4:37:06 PM,NA,HB Mod Morgan 6-3-21b,Soil Modified Morgan,4.683728232724321,2.4777284905754255,0.26270380643923613,1.6759209346040809,0.36937091535366157,0.623485415804702,87.70985238449491,1.858140023056675,0.06532789964560973,VT,12.388642452877129,0.061819573118149354,3.1174270790235097,0.013559926398536362,1.8468545767683078,0.015200449191508706,8.379604673020404,0.02143121399749464,438.54926192247456,1.3135190321961807,9.290700115283375,0.3266394982280486,0.11201116270568906
44,86_5_W5.1,Oa1,NA,6/3/2021 4:44:31 PM,NA,HB Mod Morgan 6-3-21b,Soil Modified Morgan,4.637690818582994,23.159926373640126,3.1090827431298775,41.17949879914739,7.823077231785518,2.835577294376337,130.0023730438019,0.8283773544713882,4.461461848576808,VT,115.79963186820063,0.5778424743922187,14.177886471881685,0.06166979761584031,39.11538615892759,0.32193733464137936,205.89749399573697,0.5265920562550817,650.0118652190095,15.54541371564939,4.141886772356941,22.307309242884042,1.4880416629045201
45,86_5_W5.1,Bhs,NA,6/3/2021 4:48:10 PM,NA,HB Mod Morgan 6-3-21b,Soil Modified Morgan,4.785564406216171,5.815715280598355,0.8067154770797538,4.631390800940412,1.4282414089030449,0.7441516662912924,64.0948519886871,1.7047101567788874,0.32309084281012684,VT,29.07857640299178,0.14510267666163562,3.720758331456462,0.016184246765795836,7.141207044515224,0.05877536662152447,23.15695400470206,0.05922494630358584,320.47425994343547,4.033577385398769,8.52355078389444,1.6154542140506343,0.27928723635254177
46,86_5_W5.1,Bh1,NA,6/3/2021 4:51:42 PM,NA,HB Mod Morgan 6-3-21b,Soil Modified Morgan,4.65350608956552,5.50697474174504,0.5550167150268853,3.5023239272029842,0.9831587182912058,0.6134615433917603,60.36312831978569,2.1257697204351778,1.2126201458270645,VT,27.5348737087252,0.13739956940481637,3.0673077169588012,0.013341921343883434,4.915793591456029,0.04045920651404139,17.51161963601492,0.044786750987250434,301.81564159892844,2.7750835751344267,10.62884860217589,6.063100729135322,0.23598744824999163
47,86_5_W5.1,Bh2,NA,6/3/2021 4:55:18 PM,NA,HB Mod Morgan 6-3-21b,Soil Modified Morgan,4.776504575505046,2.6930489553981234,0.23284187926960231,1.7743745486773337,0.3011716706533366,0.37906296873065753,33.13682126694689,1.6482047650436242,0.4651889473427742,VT,13.465244776990618,0.06719184020454401,1.8953148436532876,0.008244083704451012,1.505858353266683,0.01239389591165994,8.871872743386668,0.02269021161991475,165.68410633473445,1.1642093963480116,8.241023825218122,2.3259447367138715,0.11052003144056971
48,52_3_X3.1,Oa,NA,6/3/2021 4:58:53 PM,NA,HB Mod Morgan 6-3-21b,Soil Modified Morgan,4.660887991477334,7.06259997770064,2.5377848113856682,11.22422647284363,3.3378194329584088,0.5651227521212124,6.893336526020804,1.732559505879659,1.1641964037887385,VT,35.3129998885032,0.17621257429392817,2.8256137606060623,0.012290620968273434,16.689097164792045,0.13735882440158062,56.12113236421816,0.1435323078368751,34.466682630104025,12.688924056928341,8.662797529398295,5.820982018943692,0.4693943275006573
49,52_3_X3.1,E,NA,6/3/2021 5:05:44 PM,NA,HB Mod Morgan 6-3-21b,Soil Modified Morgan,4.7743361626082095,0.7475191022272363,0.5255568161816384,1.8052799539718452,0.527013649115573,0.22405526492226718,9.015906412270379,2.118297286365229,0.0851264929231357,VT,3.737595511136181,0.018650676203274357,1.120276324611336,0.004872885274516469,2.635068245577865,0.021687804490352798,9.026399769859227,0.02308542140628958,45.0795320613519,2.6277840809081923,10.591486431826144,0.4256324646156785,0.0682967873744332
50,52_3_X3.1,Bhs1,NA,6/3/2021 5:09:22 PM,NA,HB Mod Morgan 6-3-21b,Soil Modified Morgan,4.761553508033706,1.7345672924120468,0.9502161662873738,6.069550687956988,1.7478476685349358,0.47316713328820514,46.20473504968837,26.13525774869713,0.2597201921666196,VT,8.672836462060234,0.043277627056188796,2.3658356664410256,0.010290716252462053,8.739238342674678,0.07192788759403027,30.347753439784938,0.07761573769765968,231.02367524844183,4.7510808314368695,130.67628874348566,1.2986009608330982,0.2031119686003408
51,52_3_X3.1,Bhs2.1,NA,6/3/2021 5:12:59 PM,NA,HB Mod Morgan 6-3-21b,Soil Modified Morgan,4.935718796698649,1.4127378219697226,0.24978691396273753,4.048888661830854,1.1752199943311947,0.5771360513615496,43.73829990932932,13.402525102573748,0.29996554270263426,VT,7.063689109848614,0.03524794964994318,2.8856802568077478,0.012551893244052838,5.876099971655973,0.04836296272967879,20.244443309154274,0.051776069844384334,218.69149954664664,1.2489345698136876,67.01262551286874,1.4998277135131712,0.14793887546805914
52,52_3_X3.1,Bhs2.2,NA,6/3/2021 5:16:34 PM,NA,HB Mod Morgan 6-3-21b,Soil Modified Morgan,4.723847504738625,0.9246566155927616,0.2613330035246707,2.6290112744438185,0.631968413283478,0.5678811925293148,41.472161684080376,5.459818996750345,0.18446112970300024,VT,4.623283077963808,0.023070274840138762,2.839405962646574,0.012350613147658,3.15984206641739,0.02600693058779745,13.145056372219093,0.033619070005675426,207.3608084204019,1.3066650176233536,27.299094983751722,0.9223056485150013,0.09504688858126964
53,52_3_X3.1,Bhs2.3,NA,6/3/2021 5:20:09 PM,NA,HB Mod Morgan 6-3-21b,Soil Modified Morgan,4.686838639720286,1.0204866124486647,0.3007262090812877,1.6688108207304913,0.36159126543404957,0.33378351597812705,68.76138858034307,2.846010407492892,0.18946487199148143,VT,5.102433062243323,0.025461242825565483,1.6689175798906353,0.007259319616749175,1.8079563271702481,0.01488029898905554,8.344054103652457,0.021340291825198098,343.80694290171533,1.5036310454064385,14.23005203746446,0.9473243599574072,0.0689411532565683
55,52_3_X3.1,BC.1,NA,6/3/2021 5:27:42 PM,NA,HB Mod Morgan 6-3-21b,Soil Modified Morgan,4.84940633383486,0.5940390338362804,0.17297417367397627,0.6104517509741957,0.08861223758328976,0.20255756663097874,52.376106939521314,0.7979778655689815,0.02141418462624627,VT,2.970195169181402,0.014821333179547916,1.0127878331548936,0.004405340727076527,0.44306118791644883,0.003646594139230031,3.0522587548709783,0.0078062883756291005,261.8805346976066,0.8648708683698815,3.9898893278449075,0.10707092313123134,0.030679556421483574
56,52_3_X3.1,BC.2,NA,6/3/2021 5:31:20 PM,NA,HB Mod Morgan 6-3-21b,Soil Modified Morgan,4.676039343194408,0.34509305378669697,0.15208661398822818,0.35397028052055524,0.03301254512087742,0.12308434290269948,39.006272163794684,0.5522546878704375,0.01184595924610795,VT,1.7254652689334848,0.00861010613240262,0.6154217145134975,0.002676910458953882,0.16506272560438712,0.0013585409514764372,1.769851402602776,0.00452647417545467,195.0313608189734,0.7604330699411409,2.7612734393521876,0.05922979623053975,0.017172031718287607
57,52_3_X3.1,D.1,NA,6/3/2021 5:35:01 PM,NA,HB Mod Morgan 6-3-21b,Soil Modified Morgan,5.321196847385656,6.7970912960710885,0.15199291719856153,7.510021463565253,2.283683918369181,2.091225037257748,9.364956869397972,3.0214030292568665,1.4404325399373241,VT,33.985456480355445,0.16958810618939843,10.456125186288741,0.045481188283117625,11.418419591845906,0.09397876207280581,37.55010731782627,0.09603608009674237,46.82478434698986,0.7599645859928077,15.107015146284333,7.202162699686621,0.4050841366420642
58,52_3_X3.1,D.3,NA,6/3/2021 5:38:27 PM,NA,HB Mod Morgan 6-3-21b,Soil Modified Morgan,4.994860682874853,4.346758215771853,0.17607132265678466,1.141239037572456,0.791810359865432,0.795996918316223,1.153418445131358,0.9473087400676242,0.3942276119745183,VT,21.733791078859266,0.10845205129171291,3.9799845915811147,0.01731180770587697,3.95905179932716,0.03258478847182848,5.70619518786228,0.014593849585325521,5.76709222565679,0.8803566132839233,4.736543700338121,1.9711380598725916,0.17294249705474388
59,52_2_X2.1,E1.1,NA,6/3/2021 5:41:58 PM,NA,HB Mod Morgan 6-3-21b,Soil Modified Morgan,4.850168181844912,0.6243869698020457,0.7628457382365774,2.1318166554073654,0.5859878302732173,0.18563267970000408,6.59393522884875,3.624838753064249,0.21011506538452726,VT,3.1219348490102283,0.015578517210629883,0.9281633985000204,0.004037248362331537,2.9299391513660873,0.024114725525646807,10.65908327703683,0.027261082549966315,32.96967614424375,3.814228691182887,18.124193765321245,1.0505753269226363,0.07099157364857454
60,52_2_X2.1,E1.2,NA,6/3/2021 5:45:32 PM,NA,HB Mod Morgan 6-3-21b,Soil Modified Morgan,4.607161672543371,0.6004884077213729,0.6162676471991126,10.513009591669926,0.4041202584627394,0.1594517604314146,7.355033298762108,3.0742891954626272,0.14992207212832134,VT,3.0024420386068646,0.01498224570163106,0.797258802157073,0.0034678503791086258,2.020601292313697,0.016630463311223843,52.56504795834963,0.13443746280907834,36.77516649381054,3.0813382359955632,15.371445977313138,0.7496103606416067,0.16951802220104187
61,52_2_X2.1,E2,NA,6/3/2021 5:52:34 PM,NA,HB Mod Morgan 6-3-21b,Soil Modified Morgan,4.960859397405901,0.3321023778712271,0.36410227537104467,0.601713061009011,0.1442613901945347,0.12153319806056984,6.610203837319599,2.081868014041278,0.09093601489499437,VT,1.6605118893561355,0.008285987471837005,0.6076659903028493,0.002643175251426052,0.7213069509726735,0.005936682724054926,3.008565305045055,0.007694540422110115,33.051019186598,1.8205113768552235,10.40934007020639,0.45468007447497183,0.024560385869428096
62,42_2_V2.1,Oa,NA,6/3/2021 5:56:16 PM,NA,HB Mod Morgan 6-3-21b,Soil Modified Morgan,4.384019582896995,7.140191798803425,4.102085908033825,13.120109185530108,2.9191603238797734,2.1850562500635786,3.4034280885767707,7.720116591187028,NA,VT,35.70095899401713,0.17814849797413737,10.925281250317893,0.04752188451638927,14.595801619398866,0.1201300544806491,65.60054592765054,0.16777633229578143,17.017140442883854,20.510429540169124,38.60058295593514,NA,0.5135767692669572
63,42_2_V2.1,E.1,NA,6/3/2021 5:59:48 PM,NA,HB Mod Morgan 6-3-21b,Soil Modified Morgan,4.654063513577958,0.8342920782992893,0.8767344393776855,1.9650146886979307,0.4958030955409936,0.2212430149147958,5.303122355710706,2.61252543102812,2.862775685853212,VT,4.1714603914964465,0.020815670616249733,1.1062150745739792,0.004811722812414003,2.4790154777049684,0.020403419569588216,9.825073443489654,0.025128065072863564,26.51561177855353,4.383672196888427,13.0626271551406,14.31387842926606,0.07115887807111551
65,42_2_V2.1,E.2,NA,6/3/2021 6:07:15 PM,NA,HB Mod Morgan 6-3-21b,Soil Modified Morgan,4.785019244173595,0.303522239464485,0.7623261155848776,0.830540416648042,0.22156905677170496,0.1732912668573392,10.808291291234791,2.627871323663616,0.5005676838459162,VT,1.5176111973224249,0.007572910166279566,0.866456334286696,0.0037688400795419575,1.1078452838585249,0.009118068179905554,4.15270208324021,0.010620721440512047,54.04145645617396,3.811630577924388,13.13935661831808,2.502838419229581,0.031080539866239123
66,42_2_V2.1,E.3,NA,6/3/2021 6:10:57 PM,NA,HB Mod Morgan 6-3-21b,Soil Modified Morgan,4.926160421954754,0.2564961127390105,1.0846163471512955,1.0071935776946495,0.2862156045374839,0.18112424236619726,13.846451871761925,4.890379531235599,0.7970364516899403,VT,1.2824805636950525,0.006399603611252758,0.9056212118309863,0.003939196223710249,1.4310780226874196,0.011778419939814152,5.035967888473248,0.012879713269752551,69.23225935880963,5.423081735756478,24.451897656177994,3.985182258449702,0.03499693304452971
67,42_2_V2.1,E.4,NA,6/3/2021 6:14:34 PM,NA,HB Mod Morgan 6-3-21b,Soil Modified Morgan,4.6937648392371445,0.27996922337548114,1.0287980459023864,0.9123325564426882,0.23703186465291398,0.15338253879364125,10.052926080809684,4.231445377166352,0.797964220540135,VT,1.3998461168774057,0.006985260064258511,0.7669126939682063,0.0033358533882914586,1.1851593232645699,0.009754397722342139,4.561662782213441,0.011666656732003684,50.26463040404842,5.143990229511933,21.157226885831765,3.9898211027006756,0.031742167906895796
68,86_3_W3.2,Oa,NA,6/3/2021 6:18:12 PM,NA,HB Mod Morgan 6-3-21b,Soil Modified Morgan,4.4642365292796296,58.291207529259935,2.4459915607328178,27.159595068150544,17.236500598056423,2.0144969109812987,10.73960010667656,0.8124701938385168,3.365028469473745,VT,291.45603764629976,1.4543714453408172,10.072484554906493,0.043812460003942996,86.18250299028212,0.7093210122656964,135.79797534075271,0.3473093998484724,53.6980005333828,12.22995780366409,4.062350969192584,16.825142347368725,2.554814317458929
69,86_3_W3.2,A,NA,6/3/2021 6:21:46 PM,NA,HB Mod Morgan 6-3-21b,Soil Modified Morgan,4.7536801899462064,8.267160541224255,0.7818103888632946,6.534175772880561,3.2845549274537897,0.6546696296885416,28.783716362628823,21.246529945531883,0.3431844589016633,VT,41.33580270612128,0.20626648056946748,3.273348148442708,0.014238138966692945,16.422774637268947,0.13516686944254278,32.6708788644028,0.08355723494732174,143.9185818131441,3.9090519443164733,106.2326497276594,1.7159222945083166,0.43922872392602497
71,86_3_W3.2,Bhs2.1,NA,6/3/2021 6:25:19 PM,NA,HB Mod Morgan 6-3-21b,Soil Modified Morgan,4.824323028182642,2.188030913726176,0.4722575709250017,2.864099958660704,1.0103402569769184,0.30946066801498,34.94335918477419,18.712963729175655,0.10853337506186342,VT,10.94015456863088,0.05459158966382675,1.5473033400749001,0.006730332057742062,5.051701284884592,0.041577788352959603,14.32049979330352,0.03662531916445913,174.71679592387093,2.3612878546250085,93.56481864587828,0.5426668753093171,0.13952502923898755
72,86_3_W3.2,Bhs2.2,NA,6/3/2021 6:28:57 PM,NA,HB Mod Morgan 6-3-21b,Soil Modified Morgan,4.723367185616304,2.548731330614952,0.9128930823777675,4.412216724573189,1.3430331929691748,0.39780456592768976,71.94655509097579,36.446187724773836,0.1829713431526638,VT,12.74365665307476,0.06359110106324731,1.9890228296384491,0.008651686949275551,6.715165964845874,0.055268855677743825,22.061083622865944,0.05642220875413284,359.73277545487895,4.564465411888837,182.23093862386918,0.9148567157633191,0.18393385244439953
73,86_3_W3.2,Bhs3.1,NA,6/3/2021 6:35:59 PM,NA,HB Mod Morgan 6-3-21b,Soil Modified Morgan,4.785114446094683,1.2859045476458308,0.48172078434213683,1.948868984514629,0.3979776329543811,0.23954510772809973,49.65425788593396,25.381000137178884,0.03567509393740406,VT,6.429522738229155,0.03208344679755067,1.1977255386404988,0.005209767458201387,1.9898881647719058,0.01637768036849305,9.744344922573145,0.0249215982674505,248.2712894296698,2.408603921710684,126.90500068589442,0.1783754696870203,0.0785924928916956
74,86_3_W3.2,Bhs3.2,NA,6/3/2021 10:26:38 PM,NA,HB Mod Morgan 6-3-21b,Soil Modified Morgan,4.71554479344035,1.3871573696004358,0.5557534334720805,1.529700864824611,0.43202837941779043,0.20537735107799418,53.85458210299571,27.308543169515676,0.04182791721464192,VT,6.935786848002179,0.034609714810390116,1.026886755389971,0.004466667052587956,2.1601418970889528,0.017778945655053106,7.648504324123056,0.01956139213330705,269.27291051497855,2.7787671673604026,136.5427158475784,0.2091395860732096,0.07641671965133823
76,86_4_W4.1,Oa,NA,6/3/2021 6:43:30 PM,NA,HB Mod Morgan 6-3-21b,Soil Modified Morgan,4.36555961564945,84.8647784601182,6.714069908000562,22.133442304475903,17.535016530682572,1.2077401604624898,3.850427037295387,0.3795787058071354,2.619819175260181,VT,424.323892300591,2.117384692118718,6.038700802312449,0.02626664115838386,87.67508265341286,0.7216056185466079,110.66721152237952,0.2830363466045512,19.252135186476934,33.570349540002816,1.8978935290356769,13.099095876300908,3.1482932984282606
77,86_4_W4.1,E,NA,6/3/2021 6:47:05 PM,NA,HB Mod Morgan 6-3-21b,Soil Modified Morgan,4.475924311565517,4.198158409469518,0.2545683126197641,1.3186132710389802,0.6582009669855553,0.3077897184198648,6.340075224067887,0.9706138684267493,0.09809100432949343,VT,20.99079204734759,0.10474447129414965,1.538948592099324,0.006693991266199757,3.2910048349277767,0.027086459546730675,6.593066355194901,0.016862062289501024,31.700376120339435,1.2728415630988206,4.853069342133747,0.4904550216474671,0.1553869843965811
78,86_4_W4.1,Bhs,NA,6/3/2021 6:50:41 PM,NA,HB Mod Morgan 6-3-21b,Soil Modified Morgan,4.474625407747317,9.124592018520538,0.31590330506747855,2.4438013655195014,1.7023118108574864,0.5431191468107557,33.34018217952033,54.797727265700146,0.1851928465505576,VT,45.62296009260269,0.22765948150001342,2.715595734053778,0.011812073658346144,8.511559054287432,0.07005398398590479,12.219006827597507,0.031250656848075466,166.70091089760166,1.5795165253373926,273.9886363285007,0.925964232752788,0.3407761959923398
79,86_4_W4.1,Bs.1,NA,6/3/2021 6:54:16 PM,NA,HB Mod Morgan 6-3-21b,Soil Modified Morgan,4.686007465484436,1.9573074279690363,0.3660151053577258,1.8770958177437742,0.4938375800590083,0.3439738552362447,58.6005290642057,18.792870763586325,0.10099934145403716,VT,9.786537139845182,0.04883501566789013,1.7198692761812233,0.007480945089957475,2.4691879002950414,0.020322534158806922,9.38547908871887,0.024003782835598134,293.0026453210285,1.830075526788629,93.96435381793162,0.5049967072701858,0.10064227775225265
80,86_4_W4.1,Bs.2,NA,6/3/2021 6:57:56 PM,NA,HB Mod Morgan 6-3-21b,Soil Modified Morgan,4.839222488209774,1.640746400415325,0.43485608244477003,1.3778221403768454,0.43401760668283457,0.31028884647996724,71.12575961662499,8.171053402659197,0.052561097835305604,VT,8.203732002076624,0.0409367864375081,1.5514442323998363,0.006748343768594329,2.170088033414173,0.017860806859375907,6.889110701884228,0.017619208956225645,355.62879808312493,2.17428041222385,40.85526701329599,0.262805489176528,0.08316514602170398
81,86_4_W4.1,BC.1,NA,6/3/2021 7:01:37 PM,NA,HB Mod Morgan 6-3-21b,Soil Modified Morgan,4.68800938984725,1.2619451374945378,0.4926795997249386,1.0831400316299247,0.15473905749641287,0.23217064602696513,999123459992.7378,2.1471670539944347,0.01217285840782277,VT,6.309725687472689,0.03148565712311721,1.1608532301348258,0.005049383341169317,0.7736952874820644,0.0063678624484120525,5.415700158149623,0.013850895545139703,4995617299963.689,2.4633979986246928,10.735835269972174,0.06086429203911385,0.05675379845783828
82,86_4_W4.1,BC.2,NA,6/3/2021 7:05:22 PM,NA,HB Mod Morgan 6-3-21b,Soil Modified Morgan,4.6816706038652995,0.9952468067596574,0.39685026090760717,0.7874493069222753,0.11115640587548317,0.22237886234391244,116.53927348581216,1.7604958254550105,0.008950514037566673,VT,4.976234033798287,0.02483150715468207,1.111894311719562,0.004836425888297356,0.5557820293774158,0.004574337690349101,3.937246534611377,0.010069684231742652,582.6963674290608,1.984251304538036,8.802479127275053,0.044752570187833365,0.044311954965071176
83,86_4_W4.1,D.1,NA,6/3/2021 7:09:02 PM,NA,HB Mod Morgan 6-3-21b,Soil Modified Morgan,4.778564182092358,0.9586390122417705,0.6026481112179416,0.905794050742729,0.0968388784885875,0.2554748572180684,127.58025794302613,2.0866627204419816,0.010567439403811106,VT,4.793195061208852,0.023918139027988287,1.277374286090342,0.005556216990388613,0.4841943924429375,0.00398513903245216,4.528970253713645,0.011583044127144872,637.9012897151306,3.013240556089708,10.433313602209909,0.05283719701905553,0.045042539177973934
84,86_4_W4.1,D.2,NA,6/3/2021 7:12:41 PM,NA,HB Mod Morgan 6-3-21b,Soil Modified Morgan,4.753756144970995,1.2729448235089587,0.5761949105977111,0.9668417847569503,0.16276523173056118,0.2715807258201772,106.9775389605942,2.464147079602868,0.044645405626780474,VT,6.364724117544794,0.031760100386950076,1.3579036291008861,0.005906496864292676,0.8138261586528059,0.006698157684385234,4.834208923784751,0.01236370568742903,534.887694802971,2.8809745529885555,12.320735398014339,0.22322702813390238,0.05672846062305702
85,86_4_W4.1,D.4,NA,6/3/2021 7:19:51 PM,NA,HB Mod Morgan 6-3-21b,Soil Modified Morgan,4.75134093575604,0.5196132618930427,0.5420135714572885,0.9816286789433307,0.08074950913354051,0.15949576056498302,77.24161429561944,2.2502202257451827,0.16023189047239755,VT,2.5980663094652137,0.012964402741842384,0.7974788028249151,0.003468807319812593,0.4037475456677026,0.00332302506722389,4.908143394716654,0.012552796405924946,386.2080714780972,2.7100678572864423,11.251101128725916,0.8011594523619879,0.032309031534803814
87,42_4_V4.1,Oa,NA,6/3/2021 7:27:22 PM,NA,HB Mod Morgan 6-3-21b,Soil Modified Morgan,4.589546699584967,48.85673951245137,10.381104205109958,17.71539381390139,9.166779614969895,0.5714480309289893,1.9086981396234932,0.7117105220057347,5.446849016171823,VT,244.28369756225686,1.2189805267577687,2.8572401546449466,0.012428186840560882,45.83389807484948,0.37723372901110686,88.57696906950694,0.22653956283761367,9.543490698117466,51.90552102554979,3.5585526100286735,27.234245080859118,1.83518200544705
88,42_4_V4.1,E,NA,6/3/2021 7:31:02 PM,NA,HB Mod Morgan 6-3-21b,Soil Modified Morgan,4.591145169818276,1.961079813120095,0.4949053897366835,1.7072827528119356,0.41787322150511136,0.21405552053397264,3.666213774433439,1.1093921610802455,0.09263401062328025,VT,9.805399065600476,0.04892913705389459,1.0702776026698633,0.0046554049702908365,2.089366107525557,0.017196428868523104,8.536413764059677,0.02183226026613728,18.331068872167194,2.4745269486834176,5.546960805401228,0.46317005311640125,0.09261323115884582
89,42_4_V4.1,Bhs1,NA,6/3/2021 7:34:42 PM,NA,HB Mod Morgan 6-3-21b,Soil Modified Morgan,4.6378782467259825,2.849545757101323,0.7181449471532235,2.7623093677789807,0.8508361087756795,0.3221601521428261,22.351567357444548,14.733621407710022,0.1221993748874827,VT,14.247728785506617,0.07109645102548212,1.6108007607141308,0.007006527884793957,4.254180543878397,0.03501383163685924,13.811546838894904,0.03532364920433479,111.75783678722274,3.5907247357661176,73.6681070385501,0.6109968744374135,0.1484404597514701
90,42_4_V4.1,Bhs2.1,NA,6/3/2021 7:38:15 PM,NA,HB Mod Morgan 6-3-21b,Soil Modified Morgan,4.56803119200641,2.6615993024601345,0.6796685302773,3.032140986222636,1.0500542819623082,0.4512588235315062,33.929159831865235,15.626317901931884,0.28432116683871494,VT,13.307996512300672,0.06640716822505326,2.256294117657531,0.009814241486113663,5.250271409811541,0.043212110368819265,15.16070493111318,0.03877418140949662,169.64579915932617,3.3983426513865,78.13158950965942,1.4216058341935747,0.1582077014894828
91,42_4_V4.1,Bhs2.2,NA,6/3/2021 7:41:53 PM,NA,HB Mod Morgan 6-3-21b,Soil Modified Morgan,4.629501455616374,2.424907644531741,0.523494026846754,2.5848588045096803,0.7403683200923783,0.42589746468059897,33.64010079398453,12.461821333858795,0.388609492152937,VT,12.124538222658705,0.06050168773781789,2.1294873234029947,0.009262667783397106,3.7018416004618917,0.03046783210256701,12.924294022548402,0.03305446041572481,168.20050396992264,2.61747013423377,62.309106669293975,1.943047460764685,0.13328664803950682
92,42_4_V4.1,Bh.1,NA,6/3/2021 7:45:28 PM,NA,HB Mod Morgan 6-3-21b,Soil Modified Morgan,4.736826812645494,1.5216583897611278,0.4893128511384959,1.6903179325259874,0.39932703118757223,0.30021686230933875,52.96469983141161,4.730885542660084,0.36221315732615855,VT,7.608291948805639,0.037965528686654884,1.5010843115466939,0.006529292351225289,1.9966351559378612,0.0164332111599824,8.451589662629937,0.02161531883025559,264.82349915705805,2.446564255692479,23.654427713300418,1.8110657866307929,0.08254335102811816
93,42_4_V4.1,Bh.2,NA,6/3/2021 7:49:07 PM,NA,HB Mod Morgan 6-3-21b,Soil Modified Morgan,4.6501903254457595,0.852759114685133,0.40762186848888987,0.9969740953753649,0.18503232894330957,0.18596062468950378,48.235686297414915,1.880731256891216,0.1351945796968232,VT,4.263795573425665,0.02127642501709414,0.9298031234475189,0.004044380702251061,0.9251616447165478,0.007614499133469529,4.984870476876824,0.012749029352626149,241.1784314870746,2.038109342444449,9.40365628445608,0.675972898484116,0.04568433420544088
94,42_4_V4.1,BC,NA,6/3/2021 7:52:48 PM,NA,HB Mod Morgan 6-3-21b,Soil Modified Morgan,4.7840932471197455,0.5864393899587144,0.41755367525378345,0.8512424185353306,0.09226932080354516,0.17788511845174595,49.252578757710666,1.088150375909527,0.05876523810333996,VT,2.932196949793572,0.01463172130635515,0.8894255922587297,0.0038687498575847314,0.4613466040177258,0.0037970913910923935,4.256212092676653,0.010885452922446682,246.26289378855336,2.0877683762689174,5.440751879547635,0.2938261905166998,0.033183015477478955
95,42_4_V4.1,C.2,NA,6/3/2021 7:56:32 PM,NA,HB Mod Morgan 6-3-21b,Soil Modified Morgan,4.825209453551201,0.2517067279271379,0.1811774333332854,0.816234855075238,0.04278814634961137,0.2623879267599646,15.20430436512482,0.5753033818680735,0.05232136093755456,VT,1.2585336396356894,0.00628010798221402,1.311939633799823,0.005706566480208017,0.21394073174805683,0.0017608290678852415,4.08117427537619,0.01043778587052734,76.02152182562409,0.9058871666664271,2.8765169093403675,0.2616068046877728,0.024185289400834618
96,42_4_V4.1,D.4,NA,6/3/2021 8:00:17 PM,NA,HB Mod Morgan 6-3-21b,Soil Modified Morgan,4.834402191590285,0.6373258736973858,0.32049667489432343,1.6018603338138049,0.1850331674568374,0.2895896207510173,9.277733004907741,1.1520587748761477,0.3239549247009284,VT,3.186629368486929,0.015901344154126393,1.4479481037550868,0.006298164870618038,0.925165837284187,0.00761453364019907,8.009301669069027,0.02048414749122513,46.38866502453872,1.6024833744716172,5.760293874380738,1.619774623504642,0.05029819015616863
98,52_4_X4.1,Oa,NA,6/3/2021 8:11:10 PM,NA,HB Mod Morgan 6-3-21b,Soil Modified Morgan,4.5272884638299695,3.097995285908718,1.9566161974623084,8.685147367283038,1.9529081349642239,1.0277646991382845,2.6507916109275538,1.2181698159931305,0.13758222185289126,VT,15.48997642954359,0.07729529156458878,5.1388234956914225,0.022352429298353297,9.76454067482112,0.08036658991622321,43.42573683641519,0.11106326556627925,13.253958054637769,9.783080987311543,6.090849079965653,0.6879111092644563,0.29107757634544457
99,52_4_X4.1,E,NA,6/3/2021 8:14:42 PM,NA,HB Mod Morgan 6-3-21b,Soil Modified Morgan,4.72920187531563,0.5911543901895906,0.28971756319811204,1.2607975509380442,0.26132103183502714,0.18279217052762312,7.116150871044963,1.8153114776486383,0.019763203381907308,VT,2.955771950947953,0.014749361032674418,0.9139608526381157,0.003975471303341086,1.3066051591751358,0.010753951927367372,6.303987754690221,0.01612273083040977,35.58075435522481,1.4485878159905603,9.076557388243192,0.09881601690953654,0.04560151509379265
100,52_4_X4.1,Bhs,NA,6/3/2021 8:18:25 PM,NA,HB Mod Morgan 6-3-21b,Soil Modified Morgan,4.347040745605628,1.0944456077165001,0.26978400333816815,2.5903129097814883,0.8873601250293459,0.49066543069798707,36.73156900493654,13.626459555614659,0.06133730852482942,VT,5.4722280385825,0.027306527138635232,2.4533271534899352,0.010671279484514726,4.43680062514673,0.03651687757322411,12.951564548907443,0.033124206007435916,183.6578450246827,1.348920016690841,68.1322977780733,0.30668654262414713,0.10761889020380999
101,52_4_X4.1,Bs1,NA,6/3/2021 8:22:00 PM,NA,HB Mod Morgan 6-3-21b,Soil Modified Morgan,4.652172178540466,1.0977576992712579,0.09876068221699728,1.8086220730402882,0.47379702601098833,0.4255047169277282,51.81493206116863,6.43358245199479,0.05825816749214431,VT,5.488788496356289,0.027389164153474498,2.1275235846386407,0.009254126074983214,2.368985130054942,0.019497820000452196,9.043110365201443,0.02312815950179397,259.0746603058432,0.4938034110849865,32.16791225997395,0.29129083746072154,0.07926926973070388
102,52_4_X4.1,Bs2.1,NA,6/3/2021 8:25:39 PM,NA,HB Mod Morgan 6-3-21b,Soil Modified Morgan,4.729337501182695,1.303413952799082,0.2776979906194357,1.4929935007617625,0.3601431948657782,0.3139737064760755,61.13424469219801,1.8521679172839145,0.11853028869119409,VT,6.51706976399541,0.032520308203569916,1.5698685323803776,0.006828484264377458,1.8007159743288912,0.014820707607645195,7.464967503808814,0.019091988500789806,305.67122346099006,1.3884899530971784,9.260839586419573,0.5926514434559704,0.07326148857638237
103,52_4_X4.1,Bs2.2,NA,6/3/2021 8:29:21 PM,NA,HB Mod Morgan 6-3-21b,Soil Modified Morgan,4.632373986905545,0.9239696608345334,0.20850242382132556,1.0476278285431118,0.2337920029831011,0.30641174349505956,54.29244885685148,1.4048238960753021,0.08812505702348943,VT,4.619848304172668,0.023053135250362615,1.5320587174752978,0.0066640222595706735,1.1689600149155055,0.009621070081609099,5.238139142715559,0.01339677530106281,271.4622442842574,1.0425121191066278,7.024119480376511,0.44062528511744714,0.052735002892605194
104,52_4_X4.1,BC.1,NA,6/3/2021 8:33:05 PM,NA,HB Mod Morgan 6-3-21b,Soil Modified Morgan,4.687265332415706,0.5254068674659023,0.14421967222788096,0.5887217945278046,0.11342140856230781,0.1572229336081039,40.16530909469758,0.7930307685704563,0.07406784695908215,VT,2.627034337329511,0.013108953779089378,0.7861146680405195,0.0034193765465007375,0.567107042811539,0.004667547677461226,2.943608972639023,0.007528411694728958,200.8265454734879,0.7210983611394048,3.965153842852281,0.37033923479541075,0.0287242896977803
105,52_4_X4.1,BC.2,NA,6/3/2021 8:36:50 PM,NA,HB Mod Morgan 6-3-21b,Soil Modified Morgan,4.6808627523263375,0.5252775814899834,0.18965798114486146,0.588729753468409,0.11864894747553967,0.25138897202070987,43.835448393879716,1.1985091470718614,0.07017700081430822,VT,2.626387907449917,0.013105728081087408,1.2569448601035493,0.005467354763390819,0.5932447373776983,0.004882672735618916,2.9436487673420446,0.007528513471463029,219.17724196939858,0.9482899057243073,5.9925457353593075,0.3508850040715411,0.03098426905156017
106,52_4_X4.1,D.6,NA,6/3/2021 8:40:32 PM,NA,HB Mod Morgan 6-3-21b,Soil Modified Morgan,4.75969931465083,0.4282621562647586,0.04173422577326921,0.39994687628279635,0.049932329648525786,0.1018569294283733,13.29250401564225,0.7219904069644275,0.1270221629681067,VT,2.141310781323793,0.010685183539539886,0.5092846471418665,0.0022152442241925472,0.24966164824262893,0.002054828380597769,1.999734381413982,0.005114410182644455,66.46252007821124,0.20867112886634606,3.6099520348221374,0.6351108148405336,0.020069666326974656
107,52_4_X4.1,D.8,NA,6/3/2021 8:44:16 PM,NA,HB Mod Morgan 6-3-21b,Soil Modified Morgan,4.74424500216201,0.5896012525924533,0.26613755794008787,0.4903547923119317,0.04554135338190518,0.21026254758317842,42.34228677173351,8.893167847736734,0.726004990933782,VT,2.9480062629622665,0.01471061009462209,1.0513127379158922,0.004572913170578044,0.22770676690952593,0.0018741297688026823,2.4517739615596583,0.006270521640817541,211.71143385866756,1.3306877897004394,44.46583923868367,3.63002495466891,0.02742817467482036
109,52_4_X4.1,D.3,NA,6/3/2021 8:55:12 PM,NA,HB Mod Morgan 6-3-21b,Soil Modified Morgan,4.429248294207206,0.4601470419715028,0.10448889188858324,0.3496356288485828,0.05631345189353454,0.17285586517247628,13.943666169317979,0.8612801884056378,0.14091960354429625,VT,2.300735209857514,0.011480714620047476,0.8642793258623814,0.003759370708405313,0.2815672594676727,0.002317426003849158,1.7481781442429138,0.0044710438471685775,69.7183308465899,0.5224444594429162,4.306400942028189,0.7045980177214812,0.022028555179470524
110,52_4_X4.1,D.9,NA,6/3/2021 8:58:56 PM,NA,HB Mod Morgan 6-3-21b,Soil Modified Morgan,4.623784907994265,0.529379245714588,0.13838794922015776,0.7176687231405828,0.03856372949740361,0.18043862008828762,8.623845150460536,0.6081826455250953,0.07106449862985179,VT,2.64689622857294,0.013208065012839023,0.9021931004414381,0.00392428490840121,0.19281864748701805,0.0015869847529795724,3.588343615702914,0.009177349400774717,43.11922575230268,0.6919397461007888,3.0409132276254764,0.35532249314925896,0.027896684074994522
111,52_4_X4.1,D.16,NA,6/3/2021 9:02:42 PM,NA,HB Mod Morgan 6-3-21b,Soil Modified Morgan,4.855938810624407,16.796333047531682,0.17915017010850537,2.104528187211651,2.8372623991770225,0.9366569163217942,1.3639057639071657,0.47946635380153646,0.6506003794406968,VT,83.9816652376584,0.4190701858166587,4.683284581608971,0.020370963817350898,14.186311995885115,0.11675976951345772,10.522640936058256,0.026912125156159223,6.819528819535829,0.8957508505425269,2.3973317690076827,3.253001897203484,0.5831130443036265
112,86_2_W2.1,E.1,NA,6/3/2021 9:06:18 PM,NA,HB Mod Morgan 6-3-21b,Soil Modified Morgan,4.718170439125452,2.30104373809439,0.4446577727583736,2.583163995707226,1.0272346074614889,4.185054295284905,14.357199995877572,2.5145647186516378,0.14368576155377413,VT,11.50521869047195,0.05741127091053867,20.925271476424527,0.09101901468649207,5.136173037307445,0.042273029113641516,12.91581997853613,0.033032787668890354,71.78599997938787,2.223288863791868,12.572823593258189,0.7184288077688706,0.2237361023795626
113,86_2_W2.1,E.2,NA,6/3/2021 9:09:48 PM,NA,HB Mod Morgan 6-3-21b,Soil Modified Morgan,4.838477978985935,3.685216589967795,0.40839769428122896,7.257917663165453,2.840475471003734,6.352249767182183,13.746159675172247,2.6489896976608365,0.27008461997605276,VT,18.426082949838975,0.09194652170578331,31.761248835910916,0.13815245252679825,14.202377355018669,0.11689199469151168,36.28958831582727,0.09281224633203904,68.73079837586124,2.0419884714061447,13.244948488304184,1.350423099880264,0.4398032152561323
114,42_3_V3.1,Bhs1,NA,6/3/2021 9:13:17 PM,NA,HB Mod Morgan 6-3-21b,Soil Modified Morgan,4.69769379840985,0.5775342230867627,0.27442846315140024,2.0830297544292358,0.26192606145572833,0.39932258190775305,13.989748925401047,1.4135295410339086,0.4064956191549777,VT,2.8876711154338137,0.014409536504160747,1.996612909538765,0.008684701650886322,1.3096303072786417,0.010778850265667833,10.41514877214618,0.026637209135923733,69.94874462700524,1.3721423157570014,7.067647705169543,2.0324780957748887,0.060510297556638636
115,42_3_V3.1,Bhs2.1,NA,6/3/2021 9:16:55 PM,NA,HB Mod Morgan 6-3-21b,Soil Modified Morgan,4.630519600782963,0.7962612302911916,2.220029280696391,2.647892565511035,0.6481093655693928,0.29682965465440586,29.499742573119736,3.2550364251838375,2.8432827418172018,VT,3.9813061514559585,0.019866797162953885,1.4841482732720295,0.006455625373084079,3.240546827846964,0.02667116730738242,13.239462827555176,0.03386051874055032,147.4987128655987,11.100146403481954,16.275182125919187,14.216413709086009,0.0868541085839707
116,42_3_V3.1,Bhs2.2,NA,6/3/2021 9:20:32 PM,NA,HB Mod Morgan 6-3-21b,Soil Modified Morgan,4.657160186040911,0.9359756144373281,2.305993089526382,2.1037203728044096,0.5036163602615817,0.3418916199493033,39.02248547596213,2.3258620412230635,2.531567251374131,VT,4.679878072186641,0.023352684990951302,1.7094580997465165,0.007435659416035305,2.5180818013079085,0.02072495309718443,10.518601864022049,0.02690179504864974,195.11242737981064,11.52996544763191,11.629310206115317,12.657836256870656,0.07841509255282078
118,42_3_V3.1,Bhs3.1,NA,6/3/2021 9:28:05 PM,NA,HB Mod Morgan 6-3-21b,Soil Modified Morgan,4.497882765288938,0.8884931225391608,2.284196975301957,1.4572780013010571,0.37697790404214976,0.27862359891506916,39.144142514164166,2.589346467125969,1.7564952776407334,VT,4.442465612695804,0.022167992079320378,1.3931179945753458,0.0060596693978918915,1.884889520210749,0.015513493993504107,7.286390006505286,0.01863526855883705,195.72071257082087,11.420984876509785,12.946732335629846,8.782476388203667,0.06237642402955343
119,42_3_V3.1,Bhs3.2,NA,6/3/2021 9:31:45 PM,NA,HB Mod Morgan 6-3-21b,Soil Modified Morgan,4.70913328784163,0.6785974350652522,1.6931378732896378,0.9587772699869316,0.2562710053794174,0.2442760107899149,26.939776340818,1.940066450198802,1.108152189670751,VT,3.392987175326261,0.01693107372917296,1.2213800539495747,0.005312657911916376,1.2813550268970868,0.010546131908617997,4.793886349934659,0.01226057890008864,134.69888170409004,8.465689366448188,9.70033225099401,5.540760948353754,0.045050442449795974
120,42_3_V3.1,Bhs3.3,NA,6/3/2021 9:35:23 PM,NA,HB Mod Morgan 6-3-21b,Soil Modified Morgan,4.734490796021872,0.6000944399733081,1.719676574855447,0.7419770902716675,0.1715795321354074,0.19157914115831415,23.367576112128248,2.0734350902581844,0.8545021173687092,VT,3.0004721998665405,0.014972416166998705,0.9578957057915708,0.004166575492786302,0.857897660677037,0.0070608860961073,3.7098854513583372,0.00948819808531544,116.83788056064125,8.598382874277236,10.367175451290922,4.272510586843546,0.03568807584120775
121,42_3_V3.1,BC.1,NA,6/3/2021 9:42:33 PM,NA,HB Mod Morgan 6-3-21b,Soil Modified Morgan,4.478801995926929,0.5106368128525082,1.5447962898050756,0.7349891357632709,0.14354812054485772,0.13227705385706984,21.676687884558817,1.8336344075446933,0.676396767005096,VT,2.553184064262541,0.01274043944242785,0.6613852692853492,0.0028768389268610233,0.7177406027242885,0.005907330063574391,3.6749456788163544,0.009398838053238757,108.38343942279408,7.723981449025378,9.168172037723467,3.38198383502548,0.03092344648610202
122,42_3_V3.1,BC.2,NA,6/3/2021 9:46:12 PM,NA,HB Mod Morgan 6-3-21b,Soil Modified Morgan,4.2649459561925704,0.5401925685241984,1.3236356450260773,0.7992357380493803,0.13591080068637185,0.18164386245718492,22.58390634756963,1.4018536585103705,0.4349904438414223,VT,2.7009628426209926,0.013477858496112738,0.9082193122859246,0.003950497226124074,0.6795540034318592,0.005593037065282792,3.996178690246902,0.010220405857408955,112.91953173784816,6.618178225130388,7.009268292551853,2.174952219207112,0.03324179864492856
123,42_3_V3.1,BC.3,NA,6/3/2021 9:49:51 PM,NA,HB Mod Morgan 6-3-21b,Soil Modified Morgan,4.746461294467007,0.3042952829590617,0.81241901562653,0.4905113698010336,0.05322632964277149,0.09732900174874795,16.57428482000219,0.9463303165714798,0.14767457416080335,VT,1.5214764147953086,0.007592197678619304,0.4866450087437397,0.002116768198102391,0.2661316482138575,0.0021903839359165224,2.452556849005168,0.00627252391049915,82.87142410001096,4.06209507813265,4.731651582857399,0.7383728708040167,0.018171873723137368
124,42_3_V3.1,D.2,NA,6/3/2021 9:53:37 PM,NA,HB Mod Morgan 6-3-21b,Soil Modified Morgan,4.767417931733137,0.308202351463867,0.11824267035475408,1.4830985559818668,0.08415541893062259,0.18281562629491185,18.453144306950747,0.8382448720284186,0.13731571673694615,VT,1.541011757319335,0.007689679427741193,0.9140781314745593,0.00397598143312118,0.42077709465311297,0.003463185964223152,7.415492779909334,0.018965454680075024,92.26572153475374,0.5912133517737704,4.191224360142094,0.6865785836847307,0.034094301505160546
125,42_3_V3.1,D.10,NA,6/3/2021 9:57:20 PM,NA,HB Mod Morgan 6-3-21b,Soil Modified Morgan,4.735569874920955,0.9120732464206757,0.45554223145045425,5.434140235309683,0.8643361322688321,0.9502311263454144,18.172076647382603,1.7246262928578833,0.9695563229792866,VT,4.560366232103378,0.022756318523469952,4.751155631727072,0.02066618369607252,4.3216806613441605,0.03556938815921119,27.170701176548416,0.06949028433899851,90.86038323691301,2.2777111572522717,8.623131464289417,4.847781614896433,0.14848217471775219
126,86_2_W2.2,Oa,NA,6/3/2021 10:00:52 PM,NA,HB Mod Morgan 6-3-21b,Soil Modified Morgan,4.609091256942939,56.82133637617687,2.8190248616034888,29.65403495120496,19.07119107360352,2.2233189826609987,12.609799400801181,0.17460958262084214,1.8263863928628423,VT,284.10668188088437,1.4176980133776664,11.116594913304993,0.048354044859960824,95.35595536801759,0.7848226779260707,148.2701747560248,0.3792076080716747,63.048997004005905,14.095124308017443,0.8730479131042107,9.131931964314212,2.630082344235373
127,86_2_W2.2,E.1,NA,6/3/2021 10:04:25 PM,NA,HB Mod Morgan 6-3-21b,Soil Modified Morgan,4.710567174832068,0.4886394205057978,0.49479960551449054,0.5833698300681381,0.24790064222347247,0.1437170646905565,18.737812120051267,0.3133728639779298,0.009490556849145383,VT,2.443197102528989,0.012191602308028886,0.7185853234527826,0.00312564299022524,1.2395032111173625,0.010201672519484464,2.916849150340691,0.007459972251510719,93.68906060025634,2.4739980275724527,1.566864319889649,0.047452784245726916,0.03297889006924931
129,86_2_W2.2,E.2,NA,6/3/2021 10:12:06 PM,NA,HB Mod Morgan 6-3-21b,Soil Modified Morgan,4.674925433467933,0.6261743469411386,0.4774567809407011,0.592201979831661,0.25226005477018104,0.12272509832857292,20.333501197755478,0.6574176959154161,0.01704770875295591,VT,3.130871734705693,0.015623112448631205,0.6136254916428647,0.002669097397315636,1.2613002738509052,0.010381072212764651,2.961009899158305,0.0075729153431158686,101.66750598877739,2.387283904703506,3.2870884795770805,0.08523854376477956,0.036246197401827364
130,86_4_W4.1,Bs.3,NA,6/3/2021 10:15:51 PM,NA,HB Mod Morgan 6-3-21b,Soil Modified Morgan,4.721544207684935,1.5590768688505832,0.2081557002338019,2.170150895975012,0.30436579373183303,0.5199662760161597,49.529076460143436,1.4245199651995362,0.021915510150838185,VT,7.795384344252917,0.038899123474315955,2.599831380080799,0.011308531448807304,1.521828968659165,0.012525341305836749,10.85075447987506,0.027751290229859487,247.6453823007172,1.0407785011690094,7.122599825997681,0.10957755075419094,0.0904842864588195
131,52_4_PFM,Oa,NA,6/3/2021 10:19:36 PM,NA,HB Mod Morgan 6-3-21b,Soil Modified Morgan,4.68639634589045,4.853926676673085,4.022984175892621,22.461581643557505,5.750498902140716,3.4755230951551352,32.52792415803957,4.997791189792159,1.181521352230828,VT,24.269633383365424,0.1211059550068135,17.377615475775677,0.07558771411820651,28.75249451070358,0.23664604535558503,112.30790821778754,0.28723250183577376,162.63962079019785,20.114920879463103,24.9889559489608,5.90760676115414,0.7205722163163788
132,Internal standard?,NA,NA,6/3/2021 10:23:04 PM,NA,HB Mod Morgan 6-3-21b,Soil Modified Morgan,4.683935888036501,1.1046793715400138,2.68445666351915,5.309660121188361,1.3387685335797113,0.46479075310136597,19.348865743203675,6.18615160797505,5.686618255462934,VT,5.52339685770007,0.02756186056736562,2.32395376550683,0.010108541824736103,6.693842667898556,0.05509335529134614,26.548300605941805,0.06789846702286906,96.74432871601837,13.422283317595749,30.930758039875247,28.43309127731467,0.16066222470631691
