ID,Pedon,Horizon,R,Acquisition Time,QC Status,Dataset File,Method File,Y_mgL,Ca_mgL,P_mgL,K_mgL,Mg_mgL,Na_mgL,Al_mgL,Fe_mgL,Mn_mgL,Extraction Lab,Ca_mgKg,Ca_cmolKg,Na_mgKg,Na_cmolKg,Mg_mgKg,Mg_cmolKg,K_mgKg,K_cmolKg,Al_mgKg,Al_cmolKg,P_mgKg,Fe_mgKg,Mn_mgKg,CEC_cmolKg
2,42_2_PFM,E1,NA,5/27/21 15:21,NA,HB Mod Morgan 5-27-21,Soil Modified Morgan,5.051909116,0.521447566,1.155991138,1.036108516,0.486516438,0.359662361,16.35287842,6.510651093,0.420781525,VT,2.607237831,0.013010169,1.798311805,0.007822148,2.432582188,0.020021253,5.180542581,0.01324947,81.7643921,0.909166702,5.779955691,32.55325546,2.103907626,0.054103039
3,42_2_PFM,E2,NA,5/27/21 15:24,NA,HB Mod Morgan 5-27-21,Soil Modified Morgan,5.081350064,0.16522096,0.776502757,0.019443013,0.093407258,0.132377729,5.335922489,4.070088251,0.137587923,VT,0.826104799,0.004122279,0.661888643,0.002879028,0.46703629,0.00384392,0.097215064,2.49E-04,26.67961244,0.296659886,3.882513786,20.35044126,0.687939614,0.01109386
4,42_3_PFM,Oa,NA,5/27/21 15:28,NA,HB Mod Morgan 5-27-21,Soil Modified Morgan,4.99254096,7.247056071,2.986191752,18.04548524,4.363119685,1.680097206,22.05356655,3.960852094,5.69398461,VT,36.23528036,0.180814772,8.400486031,0.036539739,21.81559842,0.17955225,90.22742618,0.230760681,110.2678328,1.226106369,14.93095876,19.80426047,28.46992305,0.627667443
5,42_3_PFM,Bhs1,NA,5/27/21 15:38,NA,HB Mod Morgan 5-27-21,Soil Modified Morgan,4.772197301,0.711980688,2.146241533,3.272360166,0.846693664,0.308153395,27.49663267,10.4606568,1.878868016,VT,3.55990344,0.017763989,1.540766976,0.006701901,4.233468322,0.034843361,16.36180083,0.041846038,137.4831633,1.528723091,10.73120767,52.30328398,9.394340079,0.101155289
6,42_3_PFM,Bhs2,NA,5/27/21 15:41,NA,HB Mod Morgan 5-27-21,Soil Modified Morgan,4.946865796,0.580739828,1.465231971,1.512172674,0.390670235,0.265292013,35.88650984,3.051714785,4.343331513,VT,2.903699141,0.014489517,1.326460067,0.005769726,1.953351176,0.016076964,7.560863372,0.019337246,179.4325492,1.995172897,7.326159855,15.25857392,21.71665757,0.055673454
7,42_3_PFM,Bhs3,NA,5/27/21 16:15,NA,HB Mod Morgan 5-27-21,Soil Modified Morgan,4.983954473,1.077705899,1.590724066,2.009609479,0.417387716,0.47414585,38.558932,3.146013528,2.109578782,VT,5.388529493,0.02688887,2.370729251,0.010312002,2.086938578,0.017176449,10.0480474,0.025698331,192.79466,2.143750853,7.95362033,15.73006764,10.54789391,0.080075652
8,42_3_PFM,BC,NA,5/27/21 16:25,NA,HB Mod Morgan 5-27-21,Soil Modified Morgan,4.987094247,1.25792675,1.842547409,2.482850075,0.533192351,0.434774055,39.90101223,4.845256509,2.408746939,VT,6.289633751,0.031385398,2.173870277,0.009455721,2.665961755,0.021942072,12.41425038,0.031750001,199.5050612,2.218366136,9.212737043,24.22628254,12.04373469,0.094533192
9,42_4_PFM,Oa,NA,5/27/21 16:28,NA,HB Mod Morgan 5-27-21,Soil Modified Morgan,4.900707294,49.66875454,5.954914073,22.51116681,10.04052686,1.073560963,4.179084366,2.265758352,6.491122798,VT,248.3437727,1.239240383,5.367804815,0.023348433,50.2026343,0.413190406,112.555834,0.287866583,20.89542183,0.23234346,29.77457036,11.32879176,32.45561399,1.963645805
10,42_4_PFM,E,NA,5/27/21 16:32,NA,HB Mod Morgan 5-27-21,Soil Modified Morgan,5.054796507,2.943122699,0.833689516,4.002972692,0.963936007,0.481468893,3.084160926,1.773277657,0.248994124,VT,14.7156135,0.073431205,2.407344466,0.010471268,4.819680037,0.039668148,20.01486346,0.051188909,15.42080463,0.171469288,4.168447578,8.866388283,1.244970618,0.17475953
11,42_4_PFM,Bhs1,NA,5/27/21 16:39,NA,HB Mod Morgan 5-27-21,Soil Modified Morgan,4.905972324,2.445834534,1.693185699,7.71205243,2.396338072,1.074516617,25.26152133,55.42183521,0.362639284,VT,12.22917267,0.061023816,5.372583087,0.023369217,11.98169036,0.098614735,38.56026215,0.098619596,126.3076066,1.404458191,8.465928495,277.1091761,1.813196422,0.281627365
13,42_4_PFM,Bhs2,NA,5/27/21 16:46,NA,HB Mod Morgan 5-27-21,Soil Modified Morgan,4.983409427,1.598047723,0.852743185,4.717441093,0.926395684,0.423817724,45.31889036,14.75718427,0.342574966,VT,7.990238616,0.03987145,2.119088619,0.009217436,4.63197842,0.038123279,23.58720546,0.060325334,226.5944518,2.519582489,4.263715926,73.78592137,1.712874828,0.147537499
14,42_4_PFM,Bh,NA,5/27/21 16:50,NA,HB Mod Morgan 5-27-21,Soil Modified Morgan,5.088001778,0.942364526,0.418254179,1.53827496,0.209117934,0.289740319,30.63566528,1.597985293,0.171546529,VT,4.711822631,0.023512089,1.448701597,0.006301442,1.045589672,0.008605676,7.691374798,0.019671035,153.1783264,1.703243066,2.091270894,7.989926467,0.857732646,0.058090243
15,42_4_PFM,BC,NA,5/27/21 16:53,NA,HB Mod Morgan 5-27-21,Soil Modified Morgan,4.968702254,0.758324564,0.351669372,1.012917655,0.114950347,0.222669862,21.75286484,0.8506573,0.090543698,VT,3.791622822,0.018920274,1.113349311,0.004842755,0.574751737,0.004730467,5.064588275,0.012952911,108.7643242,1.209388334,1.758346862,4.253286498,0.452718489,0.041446406
16,42_5_V5.1,Bhs,NA,5/27/21 16:57,NA,HB Mod Morgan 5-27-21,Soil Modified Morgan,4.959080395,2.65052415,1.582307581,5.206048919,1.191547394,0.750899377,78.75907379,1.174758898,2.832091975,VT,13.25262075,0.066130842,3.754496883,0.016331,5.957736971,0.049034872,26.03024459,0.066573516,393.795369,4.378747616,7.911537904,5.873794492,14.16045988,0.19807023
17,42_5_V5.1,Bh1,NA,5/27/21 17:01,NA,HB Mod Morgan 5-27-21,Soil Modified Morgan,4.962516291,1.949285799,0.603867319,2.217455487,0.379366419,0.533549322,47.85992629,1.214552964,0.977505211,VT,9.746428994,0.048634875,2.667746612,0.011603944,1.896832094,0.015611787,11.08727743,0.028356208,239.2996315,2.660855798,3.019336597,6.072764819,4.887526057,0.104206814
18,42_5_V5.1,Bh2,NA,5/27/21 17:05,NA,HB Mod Morgan 5-27-21,Soil Modified Morgan,4.961952469,1.534492179,0.434449676,1.74864886,0.242189061,0.421139414,36.97706863,1.316790838,0.502334785,VT,7.672460895,0.038285733,2.105697071,0.009159187,1.210945303,0.009966628,8.743244298,0.022361239,184.8853431,2.055804408,2.172248379,6.583954191,2.511673923,0.079772787
19,52_2_PFM,E,NA,5/27/21 17:08,NA,HB Mod Morgan 5-27-21,Soil Modified Morgan,5.090259842,2.225162274,1.47093702,4.07741174,1.232421637,0.453831638,14.78735981,7.471791892,0.882322578,VT,11.12581137,0.055518021,2.269158191,0.009870197,6.162108184,0.05071694,20.3870587,0.052140815,73.93679903,0.822128974,7.354685098,37.35895946,4.411612888,0.168245972
20,52_3_PFM,Oa,NA,5/27/21 17:12,NA,HB Mod Morgan 5-27-21,Soil Modified Morgan,4.933987394,4.586424336,3.874373473,21.24162564,5.309710339,3.57810145,31.03246105,4.795756066,1.100023122,VT,22.93212168,0.114431745,17.89050725,0.077818648,26.54855169,0.218506598,106.2081282,0.271632041,155.1623052,1.725303616,19.37186736,23.97878033,5.500115611,0.682389033
22,52_3_PFM,Bhs1,NA,5/27/21 17:19,NA,HB Mod Morgan 5-27-21,Soil Modified Morgan,4.954709811,2.254844107,1.845088229,6.1824635,2.270758344,0.804471074,17.88697849,6.842689195,0.365696455,VT,11.27422053,0.056258586,4.022355368,0.017496109,11.35379172,0.093446845,30.9123175,0.079059636,89.43489245,0.994457662,9.225441143,34.21344597,1.828482277,0.246261175
23,52_3_PFM,Bhs2,NA,5/27/21 17:23,NA,HB Mod Morgan 5-27-21,Soil Modified Morgan,4.812492065,1.157693831,0.850714171,1.427683673,0.493466874,0.26566105,10.31688064,4.140657009,0.125642557,VT,5.788469157,0.028884577,1.328305252,0.005777752,2.467334368,0.020307279,7.138418365,0.018256824,51.58440319,0.573584913,4.253570856,20.70328504,0.628212784,0.073226432
24,52_4_PFM,Bh1,NA,5/27/21 17:26,NA,HB Mod Morgan 5-27-21,Soil Modified Morgan,4.840165146,2.334746683,0.882360296,4.921376779,1.178576947,0.883926898,58.2919364,3.640680069,1.059669861,VT,11.67373341,0.058252163,4.419634488,0.01922416,5.892884737,0.048501109,24.60688389,0.062933207,291.459682,3.240841535,4.411801479,18.20340034,5.298349307,0.188910639
25,52_4_PFM,Bh2,NA,6/3/21 14:53,NA,HB Mod Morgan 6-3-21b,Soil Modified Morgan,4.915102383,1.283906787,0.525634511,2.58147168,0.502496441,0.754346342,49.98584478,1.955481854,0.292560848,VT,6.419533933,0.032033602,3.771731712,0.016405967,2.512482204,0.020678866,12.9073584,0.033011147,249.9292239,2.779049932,2.628172554,9.777409272,1.462804239,0.102129582
26,52_4_X4.2,Oa,NA,6/3/21 14:57,NA,HB Mod Morgan 6-3-21b,Soil Modified Morgan,4.85372526,10.24291209,10.91930045,33.99437299,11.92113651,2.205127758,1.57290471,0.231462971,1.044973287,VT,51.21456044,0.255561679,11.02563879,0.047958411,59.60568253,0.490581749,169.971865,0.434710652,7.86452355,0.087448372,54.59650226,1.157314857,5.224866435,1.228812492
27,52_4_X4.2,E,NA,6/3/21 15:39,NA,HB Mod Morgan 6-3-21b,Soil Modified Morgan,4.755572267,0.280902398,0.187107129,0.794550782,0.158199886,0.135510856,4.823897687,0.175611975,0.018307527,VT,1.404511988,0.007008543,0.677554282,0.00294717,0.790999432,0.006510283,3.972753909,0.010160496,24.11948844,0.268192977,0.935535646,0.878059873,0.091537634,0.026626492
28,52_4_X4.2,Bhs,NA,6/3/21 15:43,NA,HB Mod Morgan 6-3-21b,Soil Modified Morgan,4.729231929,0.778079603,0.274187603,3.140787389,0.69522176,0.788401115,48.74796002,17.64229939,0.075958711,VT,3.890398017,0.019413164,3.942005573,0.01714661,3.476108799,0.028609949,15.70393695,0.040163522,243.7398001,2.710227577,1.370938017,88.21149693,0.379793554,0.105333244
29,52_4_X4.2,Bs,NA,6/3/21 15:46,NA,HB Mod Morgan 6-3-21b,Soil Modified Morgan,4.945124438,0.476286484,0.127119304,0.745524903,0.103420277,0.256841964,47.31275803,0.568273385,0.015808801,VT,2.381432421,0.011883395,1.284209822,0.00558595,0.517101386,0.004255978,3.727624514,0.009533567,236.5637901,2.630435027,0.63559652,2.841366927,0.079044003,0.03125889
30,52_4_X4.2,Cd,NA,6/3/21 15:50,NA,HB Mod Morgan 6-3-21b,Soil Modified Morgan,4.805168286,0.188856917,0.076474925,0.482125226,0.038505054,0.124882176,16.25158511,0.502123631,0.007390096,VT,0.944284586,0.004711999,0.624410879,0.002716011,0.192525269,0.00158457,2.41062613,0.006165284,81.25792557,0.903535125,0.382374626,2.510618154,0.036950479,0.015177864
31,86_2_PFM,Oa,NA,6/3/21 15:54,NA,HB Mod Morgan 6-3-21b,Soil Modified Morgan,4.706062183,31.86106333,2.207357181,13.05445019,8.996529718,1.405129183,4.542141606,4.966227843,0.537521108,VT,159.3053166,0.79493671,7.025645914,0.030559573,44.98264859,0.37022756,65.27225095,0.166936703,22.71070803,0.252528258,11.0367859,24.83113921,2.68760554,1.362660547
33,86_2_PFM,E,NA,6/3/21 16:01,NA,HB Mod Morgan 6-3-21b,Soil Modified Morgan,4.786306661,0.655048007,0.030406132,0.401181694,0.108021971,0.189606678,1.899739832,0.031462441,0.014334821,VT,3.275240037,0.016343513,0.948033392,0.004123677,0.540109855,0.004445349,2.005908471,0.005130201,9.498699158,0.105619338,0.15203066,0.157312207,0.071674103,0.03004274
34,86_3_PFM,Oa,NA,6/3/21 16:05,NA,HB Mod Morgan 6-3-21b,Soil Modified Morgan,4.920509227,6.00797875,1.120793971,10.50068128,2.995499377,1.157573364,77.62824019,1.010760622,0.325935312,VT,30.03989375,0.149899669,5.787866822,0.025175584,14.97749689,0.123271579,52.50340642,0.134279812,388.1412009,4.315876956,5.603969854,5.053803112,1.629676558,0.432626645
35,86_3_PFM,Bhs1,NA,6/3/21 16:08,NA,HB Mod Morgan 6-3-21b,Soil Modified Morgan,4.670007594,5.035193433,1.694807372,9.880152879,3.009939707,1.261963992,118.1935387,1.999127455,0.188907878,VT,25.17596717,0.125628579,6.309819959,0.027445933,15.04969853,0.123865832,49.40076439,0.126344666,590.9676935,6.571175243,8.47403686,9.995637273,0.944539389,0.403285009
36,86_3_PFM,Bhs2,NA,6/3/21 16:12,NA,HB Mod Morgan 6-3-21b,Soil Modified Morgan,4.84036124,2.304734924,0.358232427,1.717699499,0.444313533,0.502580935,67.8839696,2.533770808,0.056838853,VT,11.52367462,0.057503366,2.512904677,0.010930425,2.221567664,0.018284508,8.588497496,0.021965467,339.419848,3.774127294,1.791162135,12.66885404,0.284194265,0.108683765
37,86_3_PFM,C,NA,6/3/21 16:19,NA,HB Mod Morgan 6-3-21b,Soil Modified Morgan,4.75460374,0.747093109,0.162282761,0.514182318,0.098571053,0.159378199,25.21835008,2.974935312,0.040674451,VT,3.735465544,0.018640048,0.796890997,0.003466251,0.492855265,0.004056422,2.57091159,0.006575221,126.0917504,1.40205801,0.811413807,14.87467656,0.203372256,0.032737942
38,86_4_PFM,Oa,NA,6/3/21 16:22,NA,HB Mod Morgan 6-3-21b,Soil Modified Morgan,4.822508651,24.37555119,0.463700164,13.06412998,5.105420111,1.293919215,33.14330289,0.409267982,0.636005037,VT,121.8777559,0.608172435,6.469596076,0.028140914,25.52710055,0.210099593,65.3206499,0.167060486,165.7165145,1.842659538,2.31850082,2.046339909,3.180025186,1.013473427
39,86_4_PFM,E,NA,6/3/21 16:26,NA,HB Mod Morgan 6-3-21b,Soil Modified Morgan,4.743102421,4.189334302,0.220368641,1.48707623,0.586390232,0.237936951,3.145411185,0.425524293,0.091920897,VT,20.94667151,0.104524309,1.189684757,0.005174792,2.931951159,0.024131285,7.43538115,0.01901632,15.72705592,0.174874603,1.101843205,2.127621463,0.459604484,0.152846707
40,86_4_PFM,Bhs,NA,6/3/21 16:29,NA,HB Mod Morgan 6-3-21b,Soil Modified Morgan,4.790495958,7.762571601,0.745253813,4.097340055,1.651784735,0.482798429,30.53728269,38.15356973,0.15876396,VT,38.81285801,0.193676936,2.413992144,0.010500183,8.258923675,0.06797468,20.48670028,0.052395653,152.6864135,1.697773315,3.726269067,190.7678486,0.7938198,0.324547453
41,86_4_PFM,Bs,NA,6/3/21 16:33,NA,HB Mod Morgan 6-3-21b,Soil Modified Morgan,4.57719587,2.330829715,0.244655611,1.10664601,0.389141856,0.326378552,81.6196173,3.383008007,0.055283349,VT,11.65414858,0.058154434,1.631892762,0.007098272,1.945709282,0.016014068,5.533230048,0.014151483,408.0980865,4.537784505,1.223278056,16.91504003,0.276416743,0.095418258
42,86_4_PFM,BC,NA,6/3/21 16:37,NA,HB Mod Morgan 6-3-21b,Soil Modified Morgan,4.683728233,2.477728491,0.262703806,1.675920935,0.369370915,0.623485416,87.70985238,1.858140023,0.0653279,VT,12.38864245,0.061819573,3.117427079,0.013559926,1.846854577,0.015200449,8.379604673,0.021431214,438.5492619,4.876381712,1.313519032,9.290700115,0.326639498,0.112011163
44,86_5_W5.1,Oa1,NA,6/3/21 16:44,NA,HB Mod Morgan 6-3-21b,Soil Modified Morgan,4.637690819,23.15992637,3.109082743,41.1794988,7.823077232,2.835577294,130.002373,0.828377354,4.461461849,VT,115.7996319,0.577842474,14.17788647,0.061669798,39.11538616,0.321937335,205.897494,0.526592056,650.0118652,7.227707916,15.54541372,4.141886772,22.30730924,1.488041663
45,86_5_W5.1,Bhs,NA,6/3/21 16:48,NA,HB Mod Morgan 6-3-21b,Soil Modified Morgan,4.785564406,5.815715281,0.806715477,4.631390801,1.428241409,0.744151666,64.09485199,1.704710157,0.323090843,VT,29.0785764,0.145102677,3.720758331,0.016184247,7.141207045,0.058775367,23.156954,0.059224946,320.4742599,3.563464714,4.033577385,8.523550784,1.615454214,0.279287236
46,86_5_W5.1,Bh1,NA,6/3/21 16:51,NA,HB Mod Morgan 6-3-21b,Soil Modified Morgan,4.65350609,5.506974742,0.555016715,3.502323927,0.983158718,0.613461543,60.36312832,2.12576972,1.212620146,VT,27.53487371,0.137399569,3.067307717,0.013341921,4.915793591,0.040459207,17.51161964,0.044786751,301.8156416,3.35599305,2.775083575,10.6288486,6.063100729,0.235987448
47,86_5_W5.1,Bh2,NA,6/3/21 16:55,NA,HB Mod Morgan 6-3-21b,Soil Modified Morgan,4.776504576,2.693048955,0.232841879,1.774374549,0.301171671,0.379062969,33.13682127,1.648204765,0.465188947,VT,13.46524478,0.06719184,1.895314844,0.008244084,1.505858353,0.012393896,8.871872743,0.022690212,165.6841063,1.842299181,1.164209396,8.241023825,2.325944737,0.110520031
48,52_3_X3.1,Oa,NA,6/3/21 16:58,NA,HB Mod Morgan 6-3-21b,Soil Modified Morgan,4.660887991,7.062599978,2.537784811,11.22422647,3.337819433,0.565122752,6.893336526,1.732559506,1.164196404,VT,35.31299989,0.176212574,2.825613761,0.012290621,16.68909716,0.137358824,56.12113236,0.143532308,34.46668263,0.383247027,12.68892406,8.662797529,5.820982019,0.469394328
49,52_3_X3.1,E,NA,6/3/21 17:05,NA,HB Mod Morgan 6-3-21b,Soil Modified Morgan,4.774336163,0.747519102,0.525556816,1.805279954,0.527013649,0.224055265,9.015906412,2.118297286,0.085126493,VT,3.737595511,0.018650676,1.120276325,0.004872885,2.635068246,0.021687804,9.02639977,0.023085421,45.07953206,0.50125499,2.627784081,10.59148643,0.425632465,0.068296787
50,52_3_X3.1,Bhs1,NA,6/3/21 17:09,NA,HB Mod Morgan 6-3-21b,Soil Modified Morgan,4.761553508,1.734567292,0.950216166,6.069550688,1.747847669,0.473167133,46.20473505,26.13525775,0.259720192,VT,8.672836462,0.043277627,2.365835666,0.010290716,8.739238343,0.071927888,30.34775344,0.077615738,231.0236752,2.568832564,4.751080831,130.6762887,1.298600961,0.203111969
51,52_3_X3.1,Bhs2.1,NA,6/3/21 17:12,NA,HB Mod Morgan 6-3-21b,Soil Modified Morgan,4.935718797,1.412737822,0.249786914,4.048888662,1.175219994,0.577136051,43.73829991,13.4025251,0.299965543,VT,7.06368911,0.03524795,2.885680257,0.012551893,5.876099972,0.048362963,20.24444331,0.05177607,218.6914995,2.431706815,1.24893457,67.01262551,1.499827714,0.147938875
52,52_3_X3.1,Bhs2.2,NA,6/3/21 17:16,NA,HB Mod Morgan 6-3-21b,Soil Modified Morgan,4.723847505,0.924656616,0.261333004,2.629011274,0.631968413,0.567881193,41.47216168,5.459818997,0.18446113,VT,4.623283078,0.023070275,2.839405963,0.012350613,3.159842066,0.026006931,13.14505637,0.03361907,207.3608084,2.305716921,1.306665018,27.29909498,0.922305649,0.095046889
53,52_3_X3.1,Bhs2.3,NA,6/3/21 17:20,NA,HB Mod Morgan 6-3-21b,Soil Modified Morgan,4.68683864,1.020486612,0.300726209,1.668810821,0.361591265,0.333783516,68.76138858,2.846010407,0.189464872,VT,5.102433062,0.025461243,1.66891758,0.00725932,1.807956327,0.014880299,8.344054104,0.021340292,343.8069429,3.822908928,1.503631045,14.23005204,0.94732436,0.068941153
55,52_3_X3.1,BC.1,NA,6/3/21 17:27,NA,HB Mod Morgan 6-3-21b,Soil Modified Morgan,4.849406334,0.594039034,0.172974174,0.610451751,0.088612238,0.202557567,52.37610694,0.797977866,0.021414185,VT,2.970195169,0.014821333,1.012787833,0.004405341,0.443061188,0.003646594,3.052258755,0.007806288,261.8805347,2.911940712,0.864870868,3.989889328,0.107070923,0.030679556
56,52_3_X3.1,BC.2,NA,6/3/21 17:31,NA,HB Mod Morgan 6-3-21b,Soil Modified Morgan,4.676039343,0.345093054,0.152086614,0.353970281,0.033012545,0.123084343,39.00627216,0.552254688,0.011845959,VT,1.725465269,0.008610106,0.615421715,0.00267691,0.165062726,0.001358541,1.769851403,0.004526474,195.0313608,2.168621507,0.76043307,2.761273439,0.059229796,0.017172032
57,52_3_X3.1,D.1,NA,6/3/21 17:35,NA,HB Mod Morgan 6-3-21b,Soil Modified Morgan,5.321196847,6.797091296,0.151992917,7.510021464,2.283683918,2.091225037,9.364956869,3.021403029,1.44043254,VT,33.98545648,0.169588106,10.45612519,0.045481188,11.41841959,0.093978762,37.55010732,0.09603608,46.82478435,0.520661056,0.759964586,15.10701515,7.2021627,0.405084137
58,52_3_X3.1,D.3,NA,6/3/21 17:38,NA,HB Mod Morgan 6-3-21b,Soil Modified Morgan,4.994860683,4.346758216,0.176071323,1.141239038,0.79181036,0.795996918,1.153418445,0.94730874,0.394227612,VT,21.73379108,0.108452051,3.979984592,0.017311808,3.959051799,0.032584788,5.706195188,0.01459385,5.767092226,0.064126303,0.880356613,4.7365437,1.97113806,0.172942497
59,52_2_X2.1,E1.1,NA,6/3/21 17:41,NA,HB Mod Morgan 6-3-21b,Soil Modified Morgan,4.850168182,0.62438697,0.762845738,2.131816655,0.58598783,0.18563268,6.593935229,3.624838753,0.210115065,VT,3.121934849,0.015578517,0.928163399,0.004037248,2.929939151,0.024114726,10.65908328,0.027261083,32.96967614,0.366601291,3.814228691,18.12419377,1.050575327,0.070991574
60,52_2_X2.1,E1.2,NA,6/3/21 17:45,NA,HB Mod Morgan 6-3-21b,Soil Modified Morgan,4.607161673,0.600488408,0.616267647,10.51300959,0.404120258,0.15945176,7.355033299,3.074289195,0.149922072,VT,3.002442039,0.014982246,0.797258802,0.00346785,2.020601292,0.016630463,52.56504796,0.134437463,36.77516649,0.408915862,3.081338236,15.37144598,0.749610361,0.169518022
61,52_2_X2.1,E2,NA,6/3/21 17:52,NA,HB Mod Morgan 6-3-21b,Soil Modified Morgan,4.960859397,0.332102378,0.364102275,0.601713061,0.14426139,0.121533198,6.610203837,2.081868014,0.090936015,VT,1.660511889,0.008285987,0.60766599,0.002643175,0.721306951,0.005936683,3.008565305,0.00769454,33.05101919,0.367505773,1.820511377,10.40934007,0.454680074,0.024560386
62,42_2_V2.1,Oa,NA,6/3/21 17:56,NA,HB Mod Morgan 6-3-21b,Soil Modified Morgan,4.384019583,7.140191799,4.102085908,13.12010919,2.919160324,2.18505625,3.403428089,7.720116591,NA,VT,35.70095899,0.178148498,10.92528125,0.047521885,14.59580162,0.120130054,65.60054593,0.167776332,17.01714044,0.189219501,20.51042954,38.60058296,NA,0.513576769
63,42_2_V2.1,E.1,NA,6/3/21 17:59,NA,HB Mod Morgan 6-3-21b,Soil Modified Morgan,4.654063514,0.834292078,0.876734439,1.965014689,0.495803096,0.221243015,5.303122356,2.612525431,2.862775686,VT,4.171460391,0.020815671,1.106215075,0.004811723,2.479015478,0.02040342,9.825073443,0.025128065,26.51561178,0.294836306,4.383672197,13.06262716,14.31387843,0.071158878
65,42_2_V2.1,E.2,NA,6/3/21 18:07,NA,HB Mod Morgan 6-3-21b,Soil Modified Morgan,4.785019244,0.303522239,0.762326116,0.830540417,0.221569057,0.173291267,10.80829129,2.627871324,0.500567684,VT,1.517611197,0.00757291,0.866456334,0.00376884,1.107845284,0.009118068,4.152702083,0.010620721,54.04145646,0.600905743,3.811630578,13.13935662,2.502838419,0.03108054
66,42_2_V2.1,E.3,NA,6/3/21 18:10,NA,HB Mod Morgan 6-3-21b,Soil Modified Morgan,4.926160422,0.256496113,1.084616347,1.007193578,0.286215605,0.181124242,13.84645187,4.890379531,0.797036452,VT,1.282480564,0.006399604,0.905621212,0.003939196,1.431078023,0.01177842,5.035967888,0.012879713,69.23225936,0.769817561,5.423081736,24.45189766,3.985182258,0.034996933
67,42_2_V2.1,E.4,NA,6/3/21 18:14,NA,HB Mod Morgan 6-3-21b,Soil Modified Morgan,4.693764839,0.279969223,1.028798046,0.912332556,0.237031865,0.153382539,10.05292608,4.231445377,0.797964221,VT,1.399846117,0.00698526,0.766912694,0.003335853,1.185159323,0.009754398,4.561662782,0.011666657,50.2646304,0.558909901,5.14399023,21.15722689,3.989821103,0.031742168
68,86_3_W3.2,Oa,NA,6/3/21 18:18,NA,HB Mod Morgan 6-3-21b,Soil Modified Morgan,4.464236529,58.29120753,2.445991561,27.15959507,17.2365006,2.014496911,10.73960011,0.812470194,3.365028469,VT,291.4560376,1.454371445,10.07248455,0.04381246,86.18250299,0.709321012,135.7979753,0.3473094,53.69800053,0.597086737,12.2299578,4.062350969,16.82514235,2.554814317
69,86_3_W3.2,A,NA,6/3/21 18:21,NA,HB Mod Morgan 6-3-21b,Soil Modified Morgan,4.75368019,8.267160541,0.781810389,6.534175773,3.284554927,0.65466963,28.78371636,21.24652995,0.343184459,VT,41.33580271,0.206266481,3.273348148,0.014238139,16.42277464,0.135166869,32.67087886,0.083557235,143.9185818,1.600280747,3.909051944,106.2326497,1.715922295,0.439228724
71,86_3_W3.2,Bhs2.1,NA,6/3/21 18:25,NA,HB Mod Morgan 6-3-21b,Soil Modified Morgan,4.824323028,2.188030914,0.472257571,2.864099959,1.010340257,0.309460668,34.94335918,18.71296373,0.108533375,VT,10.94015457,0.05459159,1.54730334,0.006730332,5.051701285,0.041577788,14.32049979,0.036625319,174.7167959,1.942736797,2.361287855,93.56481865,0.542666875,0.139525029
72,86_3_W3.2,Bhs2.2,NA,6/3/21 18:28,NA,HB Mod Morgan 6-3-21b,Soil Modified Morgan,4.723367186,2.548731331,0.912893082,4.412216725,1.343033193,0.397804566,71.94655509,36.44618772,0.182971343,VT,12.74365665,0.063591101,1.98902283,0.008651687,6.715165965,0.055268856,22.06108362,0.056422209,359.7327755,3.999993797,4.564465412,182.2309386,0.914856716,0.183933852
73,86_3_W3.2,Bhs3.1,NA,6/3/21 18:35,NA,HB Mod Morgan 6-3-21b,Soil Modified Morgan,4.785114446,1.285904548,0.481720784,1.948868985,0.397977633,0.239545108,49.65425789,25.38100014,0.035675094,VT,6.429522738,0.032083447,1.197725539,0.005209767,1.989888165,0.01637768,9.744344923,0.024921598,248.2712894,2.760614782,2.408603922,126.9050007,0.17837547,0.078592493
74,86_3_W3.2,Bhs3.2,NA,6/3/21 22:26,NA,HB Mod Morgan 6-3-21b,Soil Modified Morgan,4.715544793,1.38715737,0.555753433,1.529700865,0.432028379,0.205377351,53.8545821,27.30854317,0.041827917,VT,6.935786848,0.034609715,1.026886755,0.004466667,2.160141897,0.017778946,7.648504324,0.019561392,269.2729105,2.994139109,2.778767167,136.5427158,0.209139586,0.07641672
76,86_4_W4.1,Oa,NA,6/3/21 18:43,NA,HB Mod Morgan 6-3-21b,Soil Modified Morgan,4.365559616,84.86477846,6.714069908,22.1334423,17.53501653,1.20774016,3.850427037,0.379578706,2.619819175,VT,424.3238923,2.117384692,6.038700802,0.026266641,87.67508265,0.721605619,110.6672115,0.283036347,19.25213519,0.214071184,33.57034954,1.897893529,13.09909588,3.148293298
77,86_4_W4.1,E,NA,6/3/21 18:47,NA,HB Mod Morgan 6-3-21b,Soil Modified Morgan,4.475924312,4.198158409,0.254568313,1.318613271,0.658200967,0.307789718,6.340075224,0.970613868,0.098091004,VT,20.99079205,0.104744471,1.538948592,0.006693991,3.291004835,0.02708646,6.593066355,0.016862062,31.70037612,0.352487503,1.272841563,4.853069342,0.490455022,0.155386984
78,86_4_W4.1,Bhs,NA,6/3/21 18:50,NA,HB Mod Morgan 6-3-21b,Soil Modified Morgan,4.474625408,9.124592019,0.315903305,2.443801366,1.702311811,0.543119147,33.34018218,54.79772727,0.185192847,VT,45.62296009,0.227659482,2.715595734,0.011812074,8.511559054,0.070053984,12.21900683,0.031250657,166.7009109,1.853605384,1.579516525,273.9886363,0.925964233,0.340776196
79,86_4_W4.1,Bs.1,NA,6/3/21 18:54,NA,HB Mod Morgan 6-3-21b,Soil Modified Morgan,4.686007465,1.957307428,0.366015105,1.877095818,0.49383758,0.343973855,58.60052906,18.79287076,0.100999341,VT,9.78653714,0.048835016,1.719869276,0.007480945,2.4691879,0.020322534,9.385479089,0.024003783,293.0026453,3.25799828,1.830075527,93.96435382,0.504996707,0.100642278
80,86_4_W4.1,Bs.2,NA,6/3/21 18:57,NA,HB Mod Morgan 6-3-21b,Soil Modified Morgan,4.839222488,1.6407464,0.434856082,1.37782214,0.434017607,0.310288846,71.12575962,8.171053403,0.052561098,VT,8.203732002,0.040936786,1.551444232,0.006748344,2.170088033,0.017860807,6.889110702,0.017619209,355.6287981,3.954360246,2.174280412,40.85526701,0.262805489,0.083165146
81,86_4_W4.1,BC.1,NA,6/3/21 19:01,NA,HB Mod Morgan 6-3-21b,Soil Modified Morgan,4.68800939,1.261945137,0.4926796,1.083140032,0.154739057,0.232170646,9.99E+11,2.147167054,0.012172858,VT,6.309725687,0.031485657,1.16085323,0.005049383,0.773695287,0.006367862,5.415700158,0.013850896,5.00E+12,55548005559,2.463397999,10.73583527,0.060864292,0.056753798
82,86_4_W4.1,BC.2,NA,6/3/21 19:05,NA,HB Mod Morgan 6-3-21b,Soil Modified Morgan,4.681670604,0.995246807,0.396850261,0.787449307,0.111156406,0.222378862,116.5392735,1.760495825,0.008950514,VT,4.976234034,0.024831507,1.111894312,0.004836426,0.555782029,0.004574338,3.937246535,0.010069684,582.6963674,6.479203493,1.984251305,8.802479127,0.04475257,0.044311955
83,86_4_W4.1,D.1,NA,6/3/21 19:09,NA,HB Mod Morgan 6-3-21b,Soil Modified Morgan,4.778564182,0.958639012,0.602648111,0.905794051,0.096838878,0.255474857,127.5802579,2.08666272,0.010567439,VT,4.793195061,0.023918139,1.277374286,0.005556217,0.484194392,0.003985139,4.528970254,0.011583044,637.9012897,7.093046216,3.013240556,10.4333136,0.052837197,0.045042539
84,86_4_W4.1,D.2,NA,6/3/21 19:12,NA,HB Mod Morgan 6-3-21b,Soil Modified Morgan,4.753756145,1.272944824,0.576194911,0.966841785,0.162765232,0.271580726,106.977539,2.46414708,0.044645406,VT,6.364724118,0.0317601,1.357903629,0.005906497,0.813826159,0.006698158,4.834208924,0.012363706,534.8876948,5.94760224,2.880974553,12.3207354,0.223227028,0.056728461
85,86_4_W4.1,D.4,NA,6/3/21 19:19,NA,HB Mod Morgan 6-3-21b,Soil Modified Morgan,4.751340936,0.519613262,0.542013571,0.981628679,0.080749509,0.159495761,77.2416143,2.250220226,0.16023189,VT,2.598066309,0.012964403,0.797478803,0.003468807,0.403747546,0.003323025,4.908143395,0.012552796,386.2080715,4.294381818,2.710067857,11.25110113,0.801159452,0.032309032
87,42_4_V4.1,Oa,NA,6/3/21 19:27,NA,HB Mod Morgan 6-3-21b,Soil Modified Morgan,4.5895467,48.85673951,10.38110421,17.71539381,9.166779615,0.571448031,1.90869814,0.711710522,5.446849016,VT,244.2836976,1.218980527,2.857240155,0.012428187,45.83389807,0.377233729,88.57696907,0.226539563,9.543490698,0.106117391,51.90552103,3.55855261,27.23424508,1.835182005
88,42_4_V4.1,E,NA,6/3/21 19:31,NA,HB Mod Morgan 6-3-21b,Soil Modified Morgan,4.59114517,1.961079813,0.49490539,1.707282753,0.417873222,0.214055521,3.666213774,1.109392161,0.092634011,VT,9.805399066,0.048929137,1.070277603,0.004655405,2.089366108,0.017196429,8.536413764,0.02183226,18.33106887,0.203829528,2.474526949,5.546960805,0.463170053,0.092613231
89,42_4_V4.1,Bhs1,NA,6/3/21 19:34,NA,HB Mod Morgan 6-3-21b,Soil Modified Morgan,4.637878247,2.849545757,0.718144947,2.762309368,0.850836109,0.322160152,22.35156736,14.73362141,0.122199375,VT,14.24772879,0.071096451,1.610800761,0.007006528,4.254180544,0.035013832,13.81154684,0.035323649,111.7578368,1.242674242,3.590724736,73.66810704,0.610996874,0.14844046
90,42_4_V4.1,Bhs2.1,NA,6/3/21 19:38,NA,HB Mod Morgan 6-3-21b,Soil Modified Morgan,4.568031192,2.661599302,0.67966853,3.032140986,1.050054282,0.451258824,33.92915983,15.6263179,0.284321167,VT,13.30799651,0.066407168,2.256294118,0.009814241,5.25027141,0.04321211,15.16070493,0.038774181,169.6457992,1.886350621,3.398342651,78.13158951,1.421605834,0.158207701
91,42_4_V4.1,Bhs2.2,NA,6/3/21 19:41,NA,HB Mod Morgan 6-3-21b,Soil Modified Morgan,4.629501456,2.424907645,0.523494027,2.584858805,0.74036832,0.425897465,33.64010079,12.46182133,0.388609492,VT,12.12453822,0.060501688,2.129487323,0.009262668,3.7018416,0.030467832,12.92429402,0.03305446,168.200504,1.870279881,2.617470134,62.30910667,1.943047461,0.133286648
92,42_4_V4.1,Bh.1,NA,6/3/21 19:45,NA,HB Mod Morgan 6-3-21b,Soil Modified Morgan,4.736826813,1.52165839,0.489312851,1.690317933,0.399327031,0.300216862,52.96469983,4.730885543,0.362213157,VT,7.608291949,0.037965529,1.501084312,0.006529292,1.996635156,0.016433211,8.451589663,0.021615319,264.8234992,2.944664557,2.446564256,23.65442771,1.811065787,0.082543351
93,42_4_V4.1,Bh.2,NA,6/3/21 19:49,NA,HB Mod Morgan 6-3-21b,Soil Modified Morgan,4.650190325,0.852759115,0.407621868,0.996974095,0.185032329,0.185960625,48.2356863,1.880731257,0.13519458,VT,4.263795573,0.021276425,0.929803123,0.004044381,0.925161645,0.007614499,4.984870477,0.012749029,241.1784315,2.681746829,2.038109342,9.403656284,0.675972898,0.045684334
94,42_4_V4.1,BC,NA,6/3/21 19:52,NA,HB Mod Morgan 6-3-21b,Soil Modified Morgan,4.784093247,0.58643939,0.417553675,0.851242419,0.092269321,0.177885118,49.25257876,1.088150376,0.058765238,VT,2.93219695,0.014631721,0.889425592,0.00386875,0.461346604,0.003797091,4.256212093,0.010885453,246.2628938,2.738282733,2.087768376,5.44075188,0.293826191,0.033183015
95,42_4_V4.1,C.2,NA,6/3/21 19:56,NA,HB Mod Morgan 6-3-21b,Soil Modified Morgan,4.825209454,0.251706728,0.181177433,0.816234855,0.042788146,0.262387927,15.20430437,0.575303382,0.052321361,VT,1.25853364,0.006280108,1.311939634,0.005706566,0.213940732,0.001760829,4.081174275,0.010437786,76.02152183,0.845309731,0.905887167,2.876516909,0.261606805,0.024185289
96,42_4_V4.1,D.4,NA,6/3/21 20:00,NA,HB Mod Morgan 6-3-21b,Soil Modified Morgan,4.834402192,0.637325874,0.320496675,1.601860334,0.185033167,0.289589621,9.277733005,1.152058775,0.323954925,VT,3.186629368,0.015901344,1.447948104,0.006298165,0.925165837,0.007614534,8.009301669,0.020484147,46.38866502,0.515811694,1.602483374,5.760293874,1.619774624,0.05029819
98,52_4_X4.1,Oa,NA,6/3/21 20:11,NA,HB Mod Morgan 6-3-21b,Soil Modified Morgan,4.527288464,3.097995286,1.956616197,8.685147367,1.952908135,1.027764699,2.650791611,1.218169816,0.137582222,VT,15.48997643,0.077295292,5.138823496,0.022352429,9.764540675,0.08036659,43.42573684,0.111063266,13.25395805,0.147375368,9.783080987,6.09084908,0.687911109,0.291077576
99,52_4_X4.1,E,NA,6/3/21 20:14,NA,HB Mod Morgan 6-3-21b,Soil Modified Morgan,4.729201875,0.59115439,0.289717563,1.260797551,0.261321032,0.182792171,7.116150871,1.815311478,0.019763203,VT,2.955771951,0.014749361,0.913960853,0.003975471,1.306605159,0.010753952,6.303987755,0.016122731,35.58075436,0.395634778,1.448587816,9.076557388,0.098816017,0.045601515
100,52_4_X4.1,Bhs,NA,6/3/21 20:18,NA,HB Mod Morgan 6-3-21b,Soil Modified Morgan,4.347040746,1.094445608,0.269784003,2.59031291,0.887360125,0.490665431,36.731569,13.62645956,0.061337309,VT,5.472228039,0.027306527,2.453327153,0.010671279,4.436800625,0.036516878,12.95156455,0.033124206,183.657845,2.04215543,1.348920017,68.13229778,0.306686543,0.10761889
101,52_4_X4.1,Bs1,NA,6/3/21 20:22,NA,HB Mod Morgan 6-3-21b,Soil Modified Morgan,4.652172179,1.097757699,0.098760682,1.808622073,0.473797026,0.425504717,51.81493206,6.433582452,0.058258167,VT,5.488788496,0.027389164,2.127523585,0.009254126,2.36898513,0.01949782,9.043110365,0.02312816,259.0746603,2.880741219,0.493803411,32.16791226,0.291290837,0.07926927
102,52_4_X4.1,Bs2.1,NA,6/3/21 20:25,NA,HB Mod Morgan 6-3-21b,Soil Modified Morgan,4.729337501,1.303413953,0.277697991,1.492993501,0.360143195,0.313973706,61.13424469,1.852167917,0.118530289,VT,6.517069764,0.032520308,1.569868532,0.006828484,1.800715974,0.014820708,7.464967504,0.019091989,305.6712235,3.398864605,1.388489953,9.260839586,0.592651443,0.073261489
103,52_4_X4.1,Bs2.2,NA,6/3/21 20:29,NA,HB Mod Morgan 6-3-21b,Soil Modified Morgan,4.632373987,0.923969661,0.208502424,1.047627829,0.233792003,0.306411743,54.29244886,1.404823896,0.088125057,VT,4.619848304,0.023053135,1.532058717,0.006664022,1.168960015,0.00962107,5.238139143,0.013396775,271.4622443,3.018483072,1.042512119,7.02411948,0.440625285,0.052735003
104,52_4_X4.1,BC.1,NA,6/3/21 20:33,NA,HB Mod Morgan 6-3-21b,Soil Modified Morgan,4.687265332,0.525406867,0.144219672,0.588721795,0.113421409,0.157222934,40.16530909,0.793030769,0.074067847,VT,2.627034337,0.013108954,0.786114668,0.003419377,0.567107043,0.004667548,2.943608973,0.007528412,200.8265455,2.233060179,0.721098361,3.965153843,0.370339235,0.02872429
105,52_4_X4.1,BC.2,NA,6/3/21 20:36,NA,HB Mod Morgan 6-3-21b,Soil Modified Morgan,4.680862752,0.525277581,0.189657981,0.588729753,0.118648947,0.251388972,43.83544839,1.198509147,0.070177001,VT,2.626387907,0.013105728,1.25694486,0.005467355,0.593244737,0.004882673,2.943648767,0.007528513,219.177242,2.437107954,0.948289906,5.992545735,0.350885004,0.030984269
106,52_4_X4.1,D.6,NA,6/3/21 20:40,NA,HB Mod Morgan 6-3-21b,Soil Modified Morgan,4.759699315,0.428262156,0.041734226,0.399946876,0.04993233,0.101856929,13.29250402,0.721990407,0.127022163,VT,2.141310781,0.010685184,0.509284647,0.002215244,0.249661648,0.002054828,1.999734381,0.00511441,66.46252008,0.739019867,0.208671129,3.609952035,0.635110815,0.020069666
107,52_4_X4.1,D.8,NA,6/3/21 20:44,NA,HB Mod Morgan 6-3-21b,Soil Modified Morgan,4.744245002,0.589601253,0.266137558,0.490354792,0.045541353,0.210262548,42.34228677,8.893167848,0.726004991,VT,2.948006263,0.01471061,1.051312738,0.004572913,0.227706767,0.00187413,2.451773962,0.006270522,211.7114339,2.354093038,1.33068779,44.46583924,3.630024955,0.027428175
109,52_4_X4.1,D.3,NA,6/3/21 20:55,NA,HB Mod Morgan 6-3-21b,Soil Modified Morgan,4.429248294,0.460147042,0.104488892,0.349635629,0.056313452,0.172855865,13.94366617,0.861280188,0.140919604,VT,2.30073521,0.011480715,0.864279326,0.003759371,0.281567259,0.002317426,1.748178144,0.004471044,69.71833085,0.775222359,0.522444459,4.306400942,0.704598018,0.022028555
110,52_4_X4.1,D.9,NA,6/3/21 20:58,NA,HB Mod Morgan 6-3-21b,Soil Modified Morgan,4.623784908,0.529379246,0.138387949,0.717668723,0.038563729,0.18043862,8.62384515,0.608182646,0.071064499,VT,2.646896229,0.013208065,0.9021931,0.003924285,0.192818647,0.001586985,3.588343616,0.009177349,43.11922575,0.479457662,0.691939746,3.040913228,0.355322493,0.027896684
111,52_4_X4.1,D.16,NA,6/3/21 21:02,NA,HB Mod Morgan 6-3-21b,Soil Modified Morgan,4.855938811,16.79633305,0.17915017,2.104528187,2.837262399,0.936656916,1.363905764,0.479466354,0.650600379,VT,83.98166524,0.419070186,4.683284582,0.020370964,14.186312,0.11675977,10.52264094,0.026912125,6.81952882,0.075828712,0.895750851,2.397331769,3.253001897,0.583113044
112,86_2_W2.1,E.1,NA,6/3/21 21:06,NA,HB Mod Morgan 6-3-21b,Soil Modified Morgan,4.718170439,2.301043738,0.444657773,2.583163996,1.027234607,4.185054295,14.3572,2.514564719,0.143685762,VT,11.50521869,0.057411271,20.92527148,0.091019015,5.136173037,0.042273029,12.91581998,0.033032788,71.78599998,0.798213491,2.223288864,12.57282359,0.718428808,0.223736102
113,86_2_W2.1,E.2,NA,6/3/21 21:09,NA,HB Mod Morgan 6-3-21b,Soil Modified Morgan,4.838477979,3.68521659,0.408397694,7.257917663,2.840475471,6.352249767,13.74615968,2.648989698,0.27008462,VT,18.42608295,0.091946522,31.76124884,0.138152453,14.20237736,0.116891995,36.28958832,0.092812246,68.73079838,0.764241642,2.041988471,13.24494849,1.3504231,0.439803215
114,42_3_V3.1,Bhs1,NA,6/3/21 21:13,NA,HB Mod Morgan 6-3-21b,Soil Modified Morgan,4.697693798,0.577534223,0.274428463,2.083029754,0.261926061,0.399322582,13.98974893,1.413529541,0.406495619,VT,2.887671115,0.014409537,1.99661291,0.008684702,1.309630307,0.01077885,10.41514877,0.026637209,69.94874463,0.77778441,1.372142316,7.067647705,2.032478096,0.060510298
115,42_3_V3.1,Bhs2.1,NA,6/3/21 21:16,NA,HB Mod Morgan 6-3-21b,Soil Modified Morgan,4.630519601,0.79626123,2.220029281,2.647892566,0.648109366,0.296829655,29.49974257,3.255036425,2.843282742,VT,3.981306151,0.019866797,1.484148273,0.006455625,3.240546828,0.026671167,13.23946283,0.033860519,147.4987129,1.640089468,11.1001464,16.27518213,14.21641371,0.086854109
116,42_3_V3.1,Bhs2.2,NA,6/3/21 21:20,NA,HB Mod Morgan 6-3-21b,Soil Modified Morgan,4.657160186,0.935975614,2.30599309,2.103720373,0.50361636,0.34189162,39.02248548,2.325862041,2.531567251,VT,4.679878072,0.023352685,1.7094581,0.007435659,2.518081801,0.020724953,10.51860186,0.026901795,195.1124274,2.169522914,11.52996545,11.62931021,12.65783626,0.078415093
118,42_3_V3.1,Bhs3.1,NA,6/3/21 21:28,NA,HB Mod Morgan 6-3-21b,Soil Modified Morgan,4.497882765,0.888493123,2.284196975,1.457278001,0.376977904,0.278623599,39.14414251,2.589346467,1.756495278,VT,4.442465613,0.022167992,1.393117995,0.006059669,1.88488952,0.015513494,7.286390007,0.018635269,195.7207126,2.176286648,11.42098488,12.94673234,8.782476388,0.062376424
119,42_3_V3.1,Bhs3.2,NA,6/3/21 21:31,NA,HB Mod Morgan 6-3-21b,Soil Modified Morgan,4.709133288,0.678597435,1.693137873,0.95877727,0.256271005,0.244276011,26.93977634,1.94006645,1.10815219,VT,3.392987175,0.016931074,1.221380054,0.005312658,1.281355027,0.010546132,4.79388635,0.012260579,134.6988817,1.497763696,8.465689366,9.700332251,5.540760948,0.045050442
120,42_3_V3.1,Bhs3.3,NA,6/3/21 21:35,NA,HB Mod Morgan 6-3-21b,Soil Modified Morgan,4.734490796,0.60009444,1.719676575,0.74197709,0.171579532,0.191579141,23.36757611,2.07343509,0.854502117,VT,3.0004722,0.014972416,0.957895706,0.004166575,0.857897661,0.007060886,3.709885451,0.009488198,116.8378806,1.299161014,8.598382874,10.36717545,4.272510587,0.035688076
121,42_3_V3.1,BC.1,NA,6/3/21 21:42,NA,HB Mod Morgan 6-3-21b,Soil Modified Morgan,4.478801996,0.510636813,1.54479629,0.734989136,0.143548121,0.132277054,21.67668788,1.833634408,0.676396767,VT,2.553184064,0.012740439,0.661385269,0.002876839,0.717740603,0.00590733,3.674945679,0.009398838,108.3834394,1.205153144,7.723981449,9.168172038,3.381983835,0.030923446
122,42_3_V3.1,BC.2,NA,6/3/21 21:46,NA,HB Mod Morgan 6-3-21b,Soil Modified Morgan,4.264945956,0.540192569,1.323635645,0.799235738,0.135910801,0.181643862,22.58390635,1.401853659,0.434990444,VT,2.700962843,0.013477858,0.908219312,0.003950497,0.679554003,0.005593037,3.99617869,0.010220406,112.9195317,1.255591532,6.618178225,7.009268293,2.174952219,0.033241799
123,42_3_V3.1,BC.3,NA,6/3/21 21:49,NA,HB Mod Morgan 6-3-21b,Soil Modified Morgan,4.746461294,0.304295283,0.812419016,0.49051137,0.05322633,0.097329002,16.57428482,0.946330317,0.147674574,VT,1.521476415,0.007592198,0.486645009,0.002116768,0.266131648,0.002190384,2.452556849,0.006272524,82.8714241,0.921476176,4.062095078,4.731651583,0.738372871,0.018171874
124,42_3_V3.1,D.2,NA,6/3/21 21:53,NA,HB Mod Morgan 6-3-21b,Soil Modified Morgan,4.767417932,0.308202351,0.11824267,1.483098556,0.084155419,0.182815626,18.45314431,0.838244872,0.137315717,VT,1.541011757,0.007689679,0.914078131,0.003975981,0.420777095,0.003463186,7.41549278,0.018965455,92.26572153,1.025934635,0.591213352,4.19122436,0.686578584,0.034094302
125,42_3_V3.1,D.10,NA,6/3/21 21:57,NA,HB Mod Morgan 6-3-21b,Soil Modified Morgan,4.735569875,0.912073246,0.455542231,5.434140235,0.864336132,0.950231126,18.17207665,1.724626293,0.969556323,VT,4.560366232,0.022756319,4.751155632,0.020666184,4.321680661,0.035569388,27.17070118,0.069490284,90.86038324,1.01030819,2.277711157,8.623131464,4.847781615,0.148482175
126,86_2_W2.2,Oa,NA,6/3/21 22:00,NA,HB Mod Morgan 6-3-21b,Soil Modified Morgan,4.609091257,56.82133638,2.819024862,29.65403495,19.07119107,2.223318983,12.6097994,0.174609583,1.826386393,VT,284.1066819,1.417698013,11.11659491,0.048354045,95.35595537,0.784822678,148.2701748,0.379207608,63.048997,0.701063718,14.09512431,0.873047913,9.131931964,2.630082344
127,86_2_W2.2,E.1,NA,6/3/21 22:04,NA,HB Mod Morgan 6-3-21b,Soil Modified Morgan,4.710567175,0.488639421,0.494799606,0.58336983,0.247900642,0.143717065,18.73781212,0.313372864,0.009490557,VT,2.443197103,0.012191602,0.718585323,0.003125643,1.239503211,0.010201673,2.91684915,0.007459972,93.6890606,1.041761237,2.473998028,1.56686432,0.047452784,0.03297889
129,86_2_W2.2,E.2,NA,6/3/21 22:12,NA,HB Mod Morgan 6-3-21b,Soil Modified Morgan,4.674925433,0.626174347,0.477456781,0.59220198,0.252260055,0.122725098,20.3335012,0.657417696,0.017047709,VT,3.130871735,0.015623112,0.613625492,0.002669097,1.261300274,0.010381072,2.961009899,0.007572915,101.667506,1.130476345,2.387283905,3.28708848,0.085238544,0.036246197
130,86_4_W4.1,Bs.3,NA,6/3/21 22:15,NA,HB Mod Morgan 6-3-21b,Soil Modified Morgan,4.721544208,1.559076869,0.2081557,2.170150896,0.304365794,0.519966276,49.52907646,1.424519965,0.02191551,VT,7.795384344,0.038899123,2.59983138,0.011308531,1.521828969,0.012525341,10.85075448,0.02775129,247.6453823,2.753655103,1.040778501,7.122599826,0.109577551,0.090484286
131,52_4_PFM,Oa,NA,6/3/21 22:19,NA,HB Mod Morgan 6-3-21b,Soil Modified Morgan,4.686396346,4.853926677,4.022984176,22.46158164,5.750498902,3.475523095,32.52792416,4.99779119,1.181521352,VT,24.26963338,0.121105955,17.37761548,0.075587714,28.75249451,0.236646045,112.3079082,0.287232502,162.6396208,1.808446488,20.11492088,24.98895595,5.907606761,0.720572216
132,86_3_W3.2,Bhs1,NA,6/3/21 14:39,NA,HB Mod Morgan 6-3-21b,Soil Modified Morgan,5.039708097,8.882779046,1.04589765,11.12807789,4.421246061,1.787237683,61.57411953,36.59124219,0.253082836,UVM,44.41389523,0.221626224,8.936188417,0.038869893,22.1062303,0.181944282,55.64038943,0.142302786,307.8705977,3.423320211,5.229488248,182.956211,1.265414181,0.584743185