X,Pedon,TDepth,BDepth,Depth,Name,Ti,Zr,Y,Ratio,Fe,Al,Si,Mn,Ca,P,K,Ce,tau_Fe,tau_Al,tau_Si,tau_Mn,tau_Ca,tau_P,tau_K,tau_Ce,LV,Hor,Cat
1,42_2_PFM,8,32,20,42_2_PFM_E1,5100.459148,366,33,13.93568073,14338.3306,45675.24052,369555.4653,433.6986338,4574.053536,480.0715777,19342.50013,64.5,-0.643936597,-0.635663091,-0.488970264,-0.630862491,-0.75150896,-0.637149572,-0.604234538,-0.509754801,L,E,LE
3,42_2_V2.1,6,8,7,42_2_V2.1_Oa,3236.484065,205,24,15.78772715,10491.46142,32020.30187,256949.9611,3918.776941,3930.827258,916.5002847,12203.20823,46.6,-0.589417404,-0.597483628,-0.440047872,4.256376528,-0.663465765,0.091666667,-0.606508726,-0.441818612,L,Oa,LOa
4,42_2_V2.1,8,14,11,42_2_V2.1_E.1,5010.556812,383,34,13.08239377,9861.97373,44299.16144,379511.8673,929.3542152,3930.827258,261.8572242,18097.2748,76.8,-0.750703677,-0.640299439,-0.465786098,-0.194798308,-0.782621427,-0.798530417,-0.623069095,-0.405792489,L,E,LE
5,42_2_V2.1,14,20,17,42_2_V2.1_E.2,5178.374505,417,34,12.41816428,9372.372197,46522.05843,381521.8452,449.1878707,3716.418498,218.2143535,19674.56021,81.4,-0.770758051,-0.634491849,-0.480360962,-0.623431523,-0.801138861,-0.837549603,-0.603497314,-0.390612058,L,E,LE
6,42_2_V2.1,20,28,24,42_2_V2.1_E.3,5298.244285,418,32,12.67522556,10211.68911,45728.16664,384887.3895,511.1448184,4288.17519,349.1429656,19176.47008,69.2,-0.75587985,-0.648857488,-0.487637283,-0.581185817,-0.775736133,-0.745959922,-0.6222789,-0.493666078,L,E,LE
7,42_2_V2.1,28,32,30,42_2_V2.1_E.4,4141.500906,371,31,11.16307522,9022.656817,40806.03759,393955.6617,495.6555814,4359.644777,305.5000949,17931.24475,67.5,-0.724059975,-0.599134884,-0.329088244,-0.48044487,-0.708316335,-0.715629522,-0.548157337,-0.368157376,L,E,LE
8,42_3_PFM,5.5,8.5,7,42_3_PFM_Oa,2265.538846,181,15,12.5167892,18185.19979,33449.30708,231661.635,480.1663445,4073.766431,1963.929182,11622.10308,39.5,0.016680714,-0.399314411,-0.278795513,-0.079911505,-0.50175451,2.341836735,-0.464637723,-0.324090594,L,Oa,LOa
9,42_3_PFM,8.5,30.5,19.5,42_3_PFM_Bhs1,3170.555686,230,20,13.78502472,31474.38425,46469.13231,306825.4584,1068.757347,5574.627747,2618.572242,16769.03444,51.6,0.257360691,-0.403705535,-0.317454163,0.463366554,-0.512809006,2.183904942,-0.44804048,-0.369075744,L,Bhs,LBhs
10,42_3_PFM,30.5,41.5,36,42_3_PFM_Bhs2,3566.125961,290,25,12.29698607,28746.60428,53190.74939,305189.4299,1765.773009,5360.218988,2182.143535,16270.94431,52.4,0.021005057,-0.393164429,-0.396400843,1.149550198,-0.583509962,1.358943578,-0.523842492,-0.430363885,L,Bhs,LBhs
11,42_3_PFM,41.5,60,50.75,42_3_PFM_Bhs3,3398.308269,271,26,12.53988291,30914.83964,55096.08967,295092.7969,1332.074375,5574.627747,2487.64363,15357.77907,50.8,0.152238142,-0.340386395,-0.387548571,0.701669044,-0.545460255,1.821995465,-0.528371327,-0.420486113,L,Bhs,LBhs
12,42_3_V3.1,9,13,11,42_3_V3.1_Oa,1851.988104,93,13,19.91385058,10701.29064,28050.84296,163789.8242,960.332689,2644.374701,2225.786406,9131.65242,27.4,-0.268126557,-0.383774984,-0.376229919,1.251090297,-0.604356928,3.633148405,-0.485428491,-0.426444726,L,Oa,LOa
13,42_3_V3.1,13,21,17,42_3_V3.1_Bhs1,3644.041318,260,27,14.01554353,19444.17516,46574.98454,323185.7434,1742.539154,4931.401469,1658.429087,17765.21471,55.3,-0.324159438,-0.480002774,-0.374474933,1.075910613,-0.625021962,0.754464286,-0.491229731,-0.41169201,L,Bhs,LBhs
14,42_3_V3.1,21,28,24.5,42_3_V3.1_Bhs2.1,3973.683214,288,32,13.79751116,25948.88123,50385.6651,316033.9617,1827.729957,4716.992709,1963.929182,17599.18466,57.7,-0.172889721,-0.484123964,-0.439060104,0.996770652,-0.671079662,0.905300582,-0.537795826,-0.437081555,L,Bhs,LBhs
15,42_3_V3.1,28,35,31.5,42_3_V3.1_Bhs2.2,3098.633818,174,22,17.80824033,32943.18884,56736.79935,282051.3126,1587.646784,6003.445266,2836.786596,16353.95933,48.5,0.346583848,-0.255051626,-0.358001986,1.224298292,-0.463154813,2.529289859,-0.44920852,-0.393215624,L,Bhs,LBhs
16,42_3_V3.1,35,45,40,42_3_V3.1_Bhs3.1,2733.030989,186,26,14.69371499,31264.55502,57848.24785,291867.4836,1355.308231,6575.201958,2662.215113,17184.10955,56.5,0.448924371,-0.138853078,-0.246788445,1.152796191,-0.333372377,2.755169173,-0.343828999,-0.198567778,L,Bhs,LBhs
17,42_3_V3.1,45,55,50,42_3_V3.1_Bhs3.2,2840.913791,250,30,11.36365516,27347.74276,57160.2083,311032.3888,1091.991203,7647.245756,2269.429276,17433.15462,60.5,0.219274392,-0.181408279,-0.227811416,0.668670089,-0.254125505,2.079566004,-0.359598289,-0.174417978,L,Bhs,LBhs
18,42_3_V3.1,55,62,58.5,42_3_V3.1_Bhs3.3,2751.011456,233,31,11.80691612,23780.64587,58165.80456,320100.6611,960.332689,8647.819967,1963.929182,18595.36493,60.4,0.094886922,-0.139785139,-0.179327297,0.515439873,-0.128970216,1.75210084,-0.29458147,-0.148847366,L,Bhs,LBhs
19,42_3_V3.1,62,67,64.5,42_3_V3.1_BC.1,2343.454203,160,31,14.64658877,19863.83361,58165.80456,332487.734,751.2279906,8433.411207,1745.714828,20421.69541,58.5,0.073605233,0.009817446,0.000679432,0.391632899,-0.002838343,1.871757399,-0.090568735,-0.032251954,L,BC,LBC
20,42_3_V3.1,67,77,72,42_3_V3.1_BC.2,2367.428159,229,31,10.33811423,20353.43515,57213.13442,340434.1581,604.0802399,8862.228726,1440.214733,19757.57524,57,0.088927411,-0.016780388,0.01421992,0.10771291,0.037253503,1.345207957,-0.129053673,-0.066614705,L,BC,LBC
21,42_4_PFM,9,11.5,10.25,42_4_PFM_E,3128.601263,233,24,13.42747323,15737.19212,46998.39349,359552.3196,410.4647784,5789.036507,349.1429656,20089.63532,45.2,-0.362889075,-0.388826666,-0.189435285,-0.430445776,-0.487286401,-0.569786535,-0.329874115,-0.439918631,V,E,VE
22,42_4_PFM,11.5,16,13.75,42_4_PFM_Bhs1,3398.308269,180,22,18.87949038,38398.74878,44881.34874,293690.4868,433.6986338,5717.56692,785.5716726,16686.01942,45.2,0.43117362,-0.46267787,-0.390459001,-0.445968218,-0.533805389,-0.108843537,-0.48758182,-0.484369533,V,Bhs,VBhs
23,42_4_PFM,16,36,26,42_4_PFM_Bhs2,3416.288736,246,23,13.88735258,31824.09963,55837.05533,299486.702,487.910963,6217.854026,741.9288019,17101.09453,46.5,0.179884723,-0.33503385,-0.381700649,-0.379994697,-0.495681712,-0.162781955,-0.477599125,-0.472331351,V,Bhs,VBhs
24,42_4_PFM,36,45,40.5,42_4_PFM_Bh,2631.141675,195,26,13.49303423,25739.052,58906.77022,323606.4364,565.3571476,8219.002448,785.5716726,17350.1396,48.5,0.239042877,-0.089138012,-0.132541447,-0.067201046,-0.13444705,0.150992516,-0.311833866,-0.285404277,V,Bh,VBh
25,42_4_PFM,45,50.5,47.75,42_4_PFM_BC,2397.395604,214,27,11.2027832,21612.41051,57371.91278,340013.465,542.1232922,8933.698313,785.5716726,18180.28982,58.4,0.141830199,-0.026376102,0.000304511,-0.018324937,0.03254822,0.263214286,-0.208600714,-0.055643334,V,BC,VBC
26,42_4_V4.1,8,16,12,42_4_V4.1_Oa,1540.326676,84,15,18.33722233,7274.079914,24451.86689,192817.6441,271.0616461,3573.479325,567.3573191,11040.99793,24.9,-0.40185944,-0.354151305,-0.117103589,-0.236050535,-0.357168424,0.419955531,-0.251950997,-0.373314829,V,Oa,VOa
27,42_4_V4.1,16,24,20,42_4_V4.1_E,3380.327802,264,23,12.80427198,9861.97373,48903.73377,375304.9369,317.5293569,4645.523123,261.8572242,22995.16109,60.1,-0.630475664,-0.411407395,-0.216928756,-0.59221198,-0.619202075,-0.701367781,-0.290075449,-0.310747163,V,E,VE
28,42_4_V4.1,24,32.5,28.25,42_4_V4.1_Bhs1,3925.735302,214,28,18.34455748,11750.43678,50015.18227,347866.4018,348.5078307,5074.340642,436.428707,22912.14607,61.1,-0.620884956,-0.481662723,-0.375018319,-0.614609572,-0.641839763,-0.571428571,-0.390913025,-0.396630845,V,Bhs,VBhs
29,42_4_V4.1,32.5,38,35.25,42_4_V4.1_Bhs2.1,3056.679395,170,23,17.98046703,22521.6705,53190.74939,315099.0882,371.7416861,5431.688574,523.7144484,22995.16109,54.7,-0.066769911,-0.292025167,-0.272935277,-0.472040302,-0.507616222,-0.339495798,-0.214906967,-0.306254236,V,Bhs,VBhs
30,42_4_V4.1,38,43,40.5,42_4_V4.1_Bhs2.2,2709.057033,190,24,14.25819491,26228.65354,49644.69943,311827.0312,394.9755415,6074.914853,567.3573191,19259.4851,49.8,0.226297576,-0.254433583,-0.188158164,-0.36706159,-0.378643549,-0.192635904,-0.258073163,-0.287353589,V,Bhs,VBhs
31,42_4_V4.1,43,50,46.5,42_4_V4.1_Bh.1,2397.395604,171,25,14.01985733,22521.6705,57424.8389,305656.8666,480.1663445,7004.019477,829.2145433,19010.44004,56.2,0.189868363,-0.025477925,-0.100771075,-0.130516373,-0.190482196,0.333392857,-0.17246376,-0.091218414,V,Bh,VBh
32,42_4_V4.1,50,56.5,53.25,42_4_V4.1_Bh.2,2379.415137,197,25,12.07824943,19304.289,62452.82018,315379.5503,433.6986338,7647.245756,872.857414,19591.54519,58.4,0.027594124,0.067857826,-0.065156042,-0.20872539,-0.109459671,0.414177762,-0.140723317,-0.048507138,V,Bh,VBh
33,42_4_V4.1,56.5,66,61.25,42_4_V4.1_BC,2367.428159,202,25,11.71994138,18115.25671,63881.82539,333983.5314,456.9324891,7933.124102,872.857414,22165.01087,59.7,-0.030817184,0.097822453,-0.004997758,-0.162114594,-0.071490816,0.421338156,-0.022929961,-0.022401718,V,BC,VBC
34,52_2_PFM,8,10,9,52_2_PFM_Oa,893.0298625,18,4,49.61277014,6154.990697,13231.5297,61514.67143,333.0185938,1500.861317,1920.286311,4233.766122,12.4,-0.127029756,-0.397196626,-0.514165286,0.618869711,-0.534313823,7.289549377,-0.505239023,-0.46170715,L,Oa,LOa
35,52_2_PFM,10,30,20,52_2_PFM_E,5555.964312,382,30,14.54440919,14967.81829,55201.94191,344267.1391,456.9324891,3716.418498,567.3573191,21583.90572,82.9,-0.658777959,-0.595771892,-0.562969307,-0.642972238,-0.814653696,-0.606333796,-0.594580023,-0.421560435,L,E,LE
36,52_2_X2.1,7,12.5,9.75,52_2_X2.1_Oa,3044.692417,136,15,22.38744424,9512.25835,27309.8773,142147.5044,271.0616461,1429.39173,1789.357699,8882.607354,37.1,-0.6042889,-0.635071381,-0.670715241,-0.613513755,-0.869915185,1.265607424,-0.695539051,-0.527617944,L,Oa,LOa
37,52_2_X2.1,12.5,19.5,16,52_2_X2.1_E1.1,5525.996867,429,38,12.88111158,9652.144502,47686.43304,374089.6014,348.5078307,2644.374701,305.5000949,20006.6203,78.6,-0.778766341,-0.648912147,-0.522535796,-0.726213958,-0.867403786,-0.786876356,-0.622168944,-0.44858977,L,E,LE
38,52_2_X2.1,19.5,26,22.75,52_2_X2.1_E1.2,4680.914917,349,32,13.41236366,8533.055284,42976.00847,382970.899,410.4647784,2429.965941,261.8572242,19259.4851,70.4,-0.769106433,-0.62646876,-0.422953458,-0.619324834,-0.856157175,-0.784342418,-0.570613405,-0.416951316,L,E,LE
39,52_2_X2.1,26,30,28,52_2_X2.1_E2,4692.901895,370,36,12.68351863,8602.99836,41441.15102,395264.4845,410.4647784,2501.435528,174.5714828,18429.33488,75.4,-0.767808463,-0.640729189,-0.405951184,-0.620297184,-0.852304725,-0.856595512,-0.590170947,-0.377136649,L,E,LE
40,52_3_PFM,16.5,23,19.75,52_3_PFM_Oa,2936.809615,166,19,17.69162419,13568.95676,35883.90855,182907.9858,356.2524492,3502.009739,1658.429087,11954.16317,40.8,-0.414794112,-0.502886511,-0.560728841,-0.473387138,-0.66958457,1.17696793,-0.575206422,-0.461423652,L,Oa,LOa
41,52_3_PFM,23,33,28,52_3_PFM_Bhs1,4291.338131,292,29,14.69636346,16786.33826,46892.54126,293176.3064,526.6340553,4431.114363,1091.071768,18346.31986,54.1,-0.504548376,-0.55542746,-0.518149905,-0.467247372,-0.71388608,-0.019852354,-0.553839845,-0.511271757,L,Bhs,LBhs
42,52_3_PFM,33,48,40.5,52_3_PFM_Bhs2,4207.429285,383,54,10.98545505,25109.56432,49591.77332,355579.1076,1053.268111,7504.306583,567.3573191,21168.83061,74.8,-0.244106913,-0.52046047,-0.403932798,0.086754649,-0.505788886,-0.48015873,-0.474933151,-0.310796173,L,Bhs,LBhs
43,52_3_X3.1,4,9,6.5,52_3_X3.1_Oa,2942.803104,242,24,12.1603434,9722.087578,40911.88983,295092.7969,317.5293569,3930.827258,698.2859312,19342.50013,55.5,-0.581556963,-0.434386279,-0.292749572,-0.531583618,-0.629880883,-0.085248763,-0.314060268,-0.268869864,L,Oa,LOa
44,52_3_X3.1,9,15,12,52_3_X3.1_E,3955.702747,368,38,10.74919225,13499.01369,48639.10318,370677.3134,410.4647784,4574.053536,349.1429656,23244.20616,83.8,-0.567768504,-0.499742613,-0.339081096,-0.549534387,-0.679597158,-0.65974026,-0.386766846,-0.178735071,L,E,LE
45,52_3_X3.1,15,20,17.5,52_3_X3.1_Bhs1,4381.240466,215,26,20.37786263,38468.69186,43346.4913,265878.0024,402.7201599,4574.053536,741.9288019,15108.734,50.9,0.112111546,-0.597479078,-0.571982888,-0.600960694,-0.710716997,-0.34717608,-0.640113512,-0.54961533,L,Bhs,LBhs
46,52_3_X3.1,20,28,24,52_3_X3.1_Bhs2.1,3632.05434,260,28,13.96943977,38258.86263,44881.34874,274338.6069,433.6986338,4931.401469,741.9288019,15191.74903,78,0.334190178,-0.497258007,-0.467266009,-0.481623729,-0.623784411,-0.21251768,-0.563494223,-0.167459877,L,Bhs,LBhs
47,52_3_X3.1,28,36,32,52_3_X3.1_Bhs2.2,3703.976208,280,28,13.22848646,35740.91189,54090.49341,277189.9708,526.6340553,6718.141131,785.5716726,15523.80911,65.9,0.222180815,-0.40586607,-0.472180853,-0.382765564,-0.497426368,-0.182385576,-0.562614217,-0.310268384,L,Bhs,LBhs
48,52_3_X3.1,36,46,41,52_3_X3.1_Bhs2.3,3476.223626,265,30,13.117825,28816.54735,62294.04183,290137.9678,565.3571476,8147.532861,872.857414,17350.1396,72.3,0.049958804,-0.270928027,-0.411328956,-0.293967689,-0.350562775,-0.032019704,-0.479129426,-0.19370587,L,Bhs,LBhs
49,52_4_PFM,15,32,23.5,52_4_PFM_Bh1,4698.895384,202,30,23.26185834,33432.79038,64146.45599,290792.3792,588.591003,8361.941621,654.6430605,20836.77052,67.9,-0.098813098,-0.444596655,-0.563521294,-0.45621498,-0.506905544,-0.462919096,-0.537225746,-0.439807995,V,Bh,VBh
50,52_4_PFM,32,63,47.5,52_4_PFM_Bh2,4237.39673,296,25,14.31552949,32593.47346,56895.57771,314725.1389,503.4001999,7647.245756,698.2859312,18678.37995,54.7,-0.025751962,-0.453725429,-0.476148583,-0.484268506,-0.499937043,-0.364720145,-0.539982202,-0.499561047,V,Bh,VBh
51,52_4_X4.1,9,16,12.5,52_4_X4.1_Oa,2589.187252,241,24,10.74351557,11400.7214,35936.83467,297944.1609,317.5293569,4002.296844,480.0715777,16436.97436,45.4,-0.442291974,-0.435312776,-0.18839029,-0.467610085,-0.571683701,-0.285218254,-0.337489182,-0.320240477,V,Oa,VOa
52,52_4_X4.1,16,26,21,52_4_X4.1_E,2966.77706,264,26,11.23779189,11120.9491,44934.27486,387084.342,371.7416861,4288.17519,174.5714828,22248.0259,56.1,-0.525217216,-0.383796124,-0.079769745,-0.456041523,-0.599496448,-0.773160173,-0.217397689,-0.266937748,V,E,VE
53,52_4_X4.1,26,31,28.5,52_4_X4.1_Bhs,2984.757527,167,24,17.87279956,26998.02737,48003.98975,311780.2876,402.7201599,5217.279815,392.7858363,19259.4851,53.5,0.145673846,-0.345665411,-0.263258026,-0.41426158,-0.515656096,-0.492685026,-0.326604557,-0.305123485,V,Bhs,VBhs
54,52_4_X4.1,31,36,33.5,52_4_X4.1_Bs1,2822.933324,231,24,12.22049058,33642.6196,51020.77852,309910.5407,449.1878707,5860.506093,480.0715777,18346.31986,55.6,0.509479454,-0.264677151,-0.225695928,-0.309224705,-0.424754453,-0.344404004,-0.321760784,-0.236450708,V,Bs,VBs
55,52_4_X4.1,36,45,40.5,52_4_X4.1_Bs2.1,2259.545357,151,21,14.96387653,18884.63055,54460.97625,297803.9299,387.230923,5717.56692,480.0715777,17101.09453,52.3,0.058584306,-0.01939081,-0.070423413,-0.256024962,-0.298853198,-0.18093975,-0.210163134,-0.102687882,V,Bs,VBs
56,52_4_X4.1,45,54.5,49.75,52_4_X4.1_Bs2.2,2475.310961,222,23,11.15004937,22171.95512,54513.90236,314491.4205,441.4432522,6575.201958,611.0001898,17267.12458,52.6,0.134520238,-0.103997735,-0.103903351,-0.225797598,-0.263965627,-0.04842615,-0.272011005,-0.176205502,V,Bs,VBs
57,52_4_X4.1,54.5,62,58.25,52_4_X4.1_BC.1,2469.317472,201,24,12.28516155,19374.23208,59330.17917,333936.7878,433.6986338,7289.897823,523.7144484,18844.40999,63.6,-0.006230668,-0.022469468,-0.046187188,-0.237533932,-0.181981216,-0.182385576,-0.203583642,-0.001511439,V,BC,VBC
58,52_4_X4.1,62,69,65.5,52_4_X4.1_BC.2,2589.187252,191,31,13.5559542,20003.71976,59594.80977,338938.3606,449.1878707,7218.428237,567.3573191,19425.51515,60.7,-0.021444813,-0.063567284,-0.076720739,-0.246863047,-0.227500962,-0.155257936,-0.21703267,-0.091158523,V,BC,VBC
59,86_2_PFM,12,19,15.5,86_2_PFM_Oa,1060.847555,16,7,66.30297217,8253.28298,11855.45061,61374.44042,92.93542152,1572.330903,916.5002847,3901.706034,19.2,-0.01460177,-0.545329595,-0.591952819,-0.619690048,-0.589314154,2.330508475,-0.616172469,-0.298365143,L,Oa,LOa
60,86_2_PFM,19,23,21,86_2_PFM_E,3074.659862,339,42,9.069793104,11120.9491,39853.36746,399471.4149,704.7602799,5574.627747,174.5714828,17516.16964,88.8,-0.541876261,-0.472649278,-0.083643541,-0.004929761,-0.497613966,-0.781119465,-0.405466103,0.119641004,L,E,LE
61,86_2_W2.2,11,16,13.5,86_2_W2.2_Oa,221.7590934,3,3,73.91969779,1468.804598,6086.503662,19118.16156,69.70156614,1429.39173,698.2859312,1328.240352,6.2,-0.161079885,0.11665252,-0.391948301,0.364490435,0.786029353,11.13899614,-0.374928368,0.083859927,L,Oa,LOa
62,86_2_W2.2,16,23,19.5,86_2_W2.2_E.1,5130.426593,253,36,20.27836598,10841.1768,50809.07405,369602.209,418.2093968,6217.854026,174.5714828,20089.63532,68.5,-0.732353869,-0.597079464,-0.49189099,-0.646125144,-0.664180579,-0.8688251,-0.591348467,-0.482393167,L,E,LE
63,86_2_W2.2,23,31,27,86_2_W2.2_E.2,7090.297499,303,30,23.40032178,19234.34593,47845.2114,362684.1456,635.0587137,8004.593688,305.5000949,17682.19969,67.9,-0.656401716,-0.725460006,-0.639222098,-0.611170848,-0.687180658,-0.833896872,-0.739740621,-0.628748494,L,E,LE
64,86_3_PFM,13,30,21.5,86_3_PFM_Oa,641.3033241,22,9,29.15015109,5805.275316,25298.68479,48379.6998,100.68004,1072.043798,960.1431554,2822.510748,19.6,0.146561492,0.6049668,-0.467921765,-0.318463241,-0.536800799,4.771695594,-0.540689187,0.184828489,L,Oa,LOa
65,86_3_PFM,30,44,37,86_3_PFM_Bhs1,1570.294121,74,16,21.22019082,16996.16749,40806.03759,122187.9568,278.8062646,2644.374701,1396.571862,7305.321936,35.6,0.37090708,0.057243493,-0.451188486,-0.229219143,-0.533382789,2.428571429,-0.514495889,-0.121115306,L,Bhs,LBhs
66,86_3_PFM,44,72,58,86_3_PFM_Bhs2,3632.05434,235,26,15.45555038,30635.06733,55519.49862,296448.3634,503.4001999,5931.97568,436.428707,17267.12458,58.7,0.068327784,-0.378093926,-0.424331408,-0.398313257,-0.547450813,-0.536775106,-0.503862286,-0.373460189,L,Bhs,LBhs
67,86_3_PFM,72,75,73.5,86_3_PFM_C,2679.089587,221,37,12.12257732,23011.27204,51761.74419,360066.5,782.2064645,8862.228726,523.7144484,18678.37995,51.5,0.0879061,-0.2139444,-0.052080851,0.267487138,-0.083411334,-0.246404602,-0.272410328,-0.254782748,L,C,LC
68,86_3_W3.2,7,12,9.5,86_3_W3.2_Oa,557.3944779,12,4,46.44953983,3916.812262,9050.366315,36787.26931,116.1692769,1786.739663,698.2859312,2324.420616,12,-0.109962889,-0.339405283,-0.534509625,-0.095230357,-0.111786478,3.829493088,-0.564802278,-0.165394021,L,Oa,LOa
69,86_3_W3.2,12,17,14.5,86_3_W3.2_A,3799.872032,217,27,17.51093102,21892.18282,49009.58601,253023.4927,278.8062646,5646.097334,567.3573191,17101.09453,56.6,-0.270276863,-0.475260614,-0.530357176,-0.681475419,-0.588283612,-0.424402884,-0.530333599,-0.422555342,L,A,LA
70,86_3_W3.2,17,20,18.5,86_3_W3.2_Bhs1,4273.357664,252,22,16.95776851,37209.71649,55519.49862,265223.591,309.7847384,5789.036507,698.2859312,18512.34991,63.6,0.102872072,-0.471423449,-0.56225749,-0.685297515,-0.624633242,-0.370066119,-0.547907956,-0.423033258,L,Bhs,LBhs
71,86_3_W3.2,20,27,23.5,86_3_W3.2_Bhs2.1,3554.138983,252,24,14.10372612,29376.09196,52873.19268,296962.5438,363.9970676,6146.384439,567.3573191,18844.40999,57.3,0.046881762,-0.394752883,-0.410690986,-0.555396502,-0.520814047,-0.384606119,-0.44667194,-0.374995531,L,Bhs,LBhs
72,86_3_W3.2,27,34,30.5,86_3_W3.2_Bhs2.2,3470.230137,255,27,13.60874563,32243.75808,52767.34044,297990.9045,402.7201599,6217.854026,567.3573191,18346.31986,56.5,0.176861617,-0.381359243,-0.394351637,-0.496204261,-0.503520856,-0.369726129,-0.448271726,-0.368820219,L,Bhs,LBhs
73,86_3_W3.2,34,41,37.5,86_3_W3.2_Bhs3.1,2703.063544,197,23,13.72113474,22241.8982,50491.51734,349034.9936,441.4432522,6575.201958,349.1429656,19259.4851,43.3,0.04220611,-0.240034693,-0.08927233,-0.29102973,-0.325981827,-0.502058917,-0.256428092,-0.378995784,L,Bhs,LBhs
74,86_3_W3.2,41,49,45,86_3_W3.2_Bhs3.2,2816.939835,207,26,13.608405,23221.10127,51920.52254,345669.4493,418.2093968,6575.201958,305.5000949,20172.65035,47.1,0.044102806,-0.250117733,-0.134515604,-0.355496007,-0.35322937,-0.581914894,-0.252657043,-0.351804154,L,Bhs,LBhs
75,86_4_PFM,5,10,7.5,86_4_PFM_Oa,647.2968131,31,9,20.88054236,4616.243023,15613.20505,48192.72511,131.6585138,1715.270076,523.7144484,2656.480704,15.6,-0.096718289,-0.018658433,-0.474885716,-0.117011848,-0.265743488,2.119047619,-0.571710178,-0.065704973,V,Oa,VOa
76,86_4_PFM,10,16,13,86_4_PFM_E,3979.676703,345,32,11.53529479,19094.45978,43028.93458,380960.9211,526.6340553,4716.992709,130.9286121,19176.47008,60.6,-0.39228829,-0.560109685,-0.324837284,-0.425525781,-0.671575024,-0.873171256,-0.497130343,-0.409679671,V,E,VE
77,86_4_PFM,16,21,18.5,86_4_PFM_Bhs,3841.826455,202,27,19.01894285,39238.06569,45093.05322,282799.2114,480.1663445,5860.506093,436.428707,15606.82414,44.8,0.293623418,-0.522466878,-0.480822017,-0.457420513,-0.577315674,-0.562068197,-0.576053211,-0.547932611,V,Bhs,VBhs
78,86_4_PFM,21,63,42,86_4_PFM_Bs,3248.471043,221,34,14.698964,28746.60428,56895.57771,283874.3158,557.6125291,7075.489064,392.7858363,14693.65889,55.3,0.120845035,-0.28742413,-0.383656363,-0.254817032,-0.396473661,-0.533869267,-0.527952708,-0.34005303,V,Bs,VBs
79,86_4_W4.1,8,15,11.5,86_4_W4.1_Oa,863.0624174,36,8,23.97395604,4476.35687,13707.86477,89841.33624,178.1262246,2715.844287,785.5716726,5229.946386,9.6,-0.343067847,-0.353811528,-0.265807721,-0.104026728,-0.128070392,2.508928572,-0.36760331,-0.568786911,V,Oa,VOa
80,86_4_W4.1,15,19.5,17.25,86_4_W4.1_E,3440.262692,316,34,10.88690725,10001.85988,45357.68381,376333.2976,379.4863045,4788.462296,174.5714828,20504.71043,63.8,-0.631763205,-0.463597413,-0.228462825,-0.521134116,-0.614323452,-0.804380289,-0.37799111,-0.281061104,V,E,VE
81,86_4_W4.1,19.5,24,21.75,86_4_W4.1_Bhs,3865.800411,291,25,13.2845375,27907.28736,49750.55167,314023.9838,433.6986338,6503.732372,349.1429656,18512.34991,60.6,-0.085642107,-0.476411531,-0.427073109,-0.512967411,-0.533832494,-0.651827243,-0.500245539,-0.39229039,V,Bhs,VBhs
82,86_4_W4.1,24,33,28.5,86_4_W4.1_Bs.1,3350.360357,299,29,11.20521858,23850.58895,54831.45908,337068.6137,511.1448184,7718.715342,349.1429656,19093.45506,62.8,-0.098334178,-0.33416,-0.290417968,-0.337689198,-0.361630296,-0.598262203,-0.405259438,-0.273340375,V,Bs,VBs
83,86_4_W4.1,33,43,38,86_4_W4.1_Bs.2,3146.58173,243,27,12.94889601,22661.55666,57477.76502,323559.6927,487.910963,7432.836996,349.1429656,18678.37995,69.7,-0.087802781,-0.256822665,-0.274744195,-0.326851385,-0.345462767,-0.572244898,-0.380509365,-0.141269933,V,Bs,VBs
84,86_4_W4.1,43,53,48,86_4_W4.1_Bs.3,3074.659862,229,28,13.42646228,22311.84128,62399.89407,303927.3508,449.1878707,7146.95865,523.7144484,19010.44004,59.7,-0.080871242,-0.174307435,-0.302814218,-0.365779408,-0.355915341,-0.343358396,-0.354747571,-0.247268379,V,Bs,VBs
85,86_4_W4.1,53,62,57.5,86_4_W4.1_BC.1,3104.627307,227,26,13.67677228,20843.03668,66792.76193,314117.4711,441.4432522,7647.245756,523.7144484,20255.66537,66.8,-0.149666006,-0.124710881,-0.286394095,-0.382730517,-0.31748164,-0.349696635,-0.319118401,-0.165877383,V,BC,VBC
86,86_4_W4.1,62,82,72,86_4_W4.1_BC.2,3110.620796,265,34,11.73819168,19723.94746,62611.59854,333890.0441,549.8679107,8433.411207,611.0001898,20670.74048,80.2,-0.196871963,-0.181084067,-0.242936664,-0.232601933,-0.248766459,-0.242774566,-0.306504703,-0.000482955,V,BC,VBC
87,86_4_W4.1,82,92,87,86_4_W4.1_D.1,2739.024478,232,32,11.80613999,19304.289,62452.82018,340434.1581,565.3571476,8433.411207,654.6430605,22248.0259,75.5,-0.107319765,-0.072342326,-0.123376655,-0.103941487,-0.146848561,-0.078618318,-0.152323537,0.068596989,V,D,VD
88,HB08NH010020,,,,HB08NH010020_Oa,1101,,,,3667,35731,,87,2291,841,6209,,-0.578146543,0.320351163,,-0.656962712,-0.423424035,1.944690094,-0.411469605,,V,Oa,VOa
89,HB08NH020024,,,,HB08NH020024_E,2506,,,,6410,48203,,261,6520,170,23881,,-0.6760224,-0.217427465,,-0.547864261,-0.279082956,-0.738483694,-0.005497227,,V,E,VE
90,HB08NH024028,,,,HB08NH024028_Bhs,3100,,,,30723,52386,,363,7233,236,21205,,0.25527809,-0.312480303,,-0.491659949,-0.35348957,-0.706518164,-0.286143136,,V,Bhs,VBhs
91,HB08NH028037,,,,HB08NH028037_Bs,2771,,,,26404,57675,,367,8334,238,23431,,0.206899813,-0.153196435,,-0.425038275,-0.166634083,-0.668890722,-0.117552545,,V,Bs,VBs
92,HB08NH037056,,,,HB08NH037056_Bw,2724,,,,21067,59855,,347,8685,308,24633,,-0.020434201,-0.106025909,,-0.446991549,-0.116550999,-0.564112383,-0.056276521,,V,Bw,VBw
93,HB08NH056066,,,,HB08NH056066_Cd,2822,,,,19863,61882,,544,9350,720,26590,,-0.108490748,-0.107847838,,-0.163142935,-0.081935137,-0.016427437,-0.016677708,,V,Cd,VCd
94,HB08NH070080,,,,HB08NH070080_Cd,2483,,,,18530,61151,,473,9641,678,26477,,-0.054771688,0.001978596,,-0.173022264,0.075880727,0.052649753,0.112824331,,V,Cd,VCd
95,HB08NH109110,,,,HB08NH109110_Cd,2569,,,,19562,62280,,469,9026,696,27639,,-0.035533446,-0.013683951,,-0.207465576,-0.026468542,0.044422102,0.122775115,,V,Cd,VCd
96,HB08NH123125,,,,HB08NH123125_Cd,2551,,,,20016,64914,,500,8864,638,28249,,-0.006186584,0.035284025,,-0.149118772,-0.037195629,-0.035857697,0.15565227,,V,Cd,VCd
97,HB17NH008010,,,,HB17NH008010_Oa,827,,,,4056,22006,,66,1474,1182,3682,,-0.378801414,0.082597947,,-0.653544211,-0.506132169,4.509889453,-0.535364026,,V,Oa,VOa
98,HB17NH010014,,,,HB17NH010014_E,3687,,,,9261,43788,,354,5347,174,18232,,-0.68185671,-0.516814857,,-0.583188665,-0.598157552,-0.818068865,-0.483945308,,V,E,VE
99,HB17NH014019,,,,HB17NH014019_Bhs,3692,,,,32113,52590,,434,7287,260,18426,,0.101684422,-0.420473795,,-0.489686058,-0.453102622,-0.728517041,-0.479160479,,V,Bhs,VBhs
100,HB17NH019047,,,,HB17NH019047_Bw,2979,,,,21306,55770,,442,8864,310,20171,,-0.094122566,-0.23833896,,-0.355888337,-0.175524018,-0.598835856,-0.293370958,,V,Bw,VBw
101,HB17NH047066,,,,HB17NH047066_BC,3115,,,,20404,60450,,440,9251,535,21531,,-0.170349297,-0.210467786,,-0.386797351,-0.177095581,-0.337895332,-0.278658852,,V,BC,VBC
102,HB17NH066076,,,,HB17NH066076_Cd,2641,,,,16776,59045,,504,9591,524,21661,,-0.19544074,-0.090408641,,-0.171540024,0.006269372,-0.235119121,-0.144057368,,V,Cd,VCd
103,HB17NH100110,,,,HB17NH100110_Cd,3003,,,,23263,67891,,550,9631,593,25124,,-0.018820626,-0.080210444,,-0.204909153,-0.111341672,-0.238744787,-0.126891916,,V,Cd,VCd
104,HB17NH118128,,,,HB17NH118128_Cd,3189,,,,22084,66568,,529,9684,596,24396,,-0.122875502,-0.150736244,,-0.279870587,-0.158567997,-0.27951879,-0.201640197,,V,Cd,VCd
105,HB20NH006008,,,,HB20NH006008_A,2142,,,,9863,30138,,297,5445,750,12949,,-0.416786473,-0.427564496,,-0.398069459,-0.29563595,0.349810231,-0.369113374,,V,A,VA
106,HB20NH008012,,,,HB20NH008012_E,2992,,,,6961,44333,,295,5520,295,20850,,-0.705321761,-0.397166842,,-0.571974322,-0.488793635,-0.61990571,-0.272757876,,V,E,VE
107,HB20NH012017,,,,HB20NH012017_Bhs,2680,,,,22319,46501,,382,5842,413,20121,,0.054819038,-0.294074128,,-0.381217582,-0.395988061,-0.405918298,-0.216481377,,V,Bhs,VBhs
108,HB20NH017028,,,,HB20NH017028_Bs1,2661,,,,20545,53823,,387,6005,416,20603,,-0.022089087,-0.177085667,,-0.368642292,-0.374702199,-0.397330276,-0.191983658,,V,Bs,VBs
109,HB20NH028045,,,,HB20NH028045_Bs2,2779,,,,20600,57312,,471,8018,524,21444,,-0.061105716,-0.160948501,,-0.264230541,-0.200540865,-0.273101691,-0.194710923,,V,Bs,VBs
110,HB20NH045089,,,,HB20NH045089_Bw1,2535,,,,18298,56322,,509,8869,616,22309,,-0.085752711,-0.096076442,,-0.128335788,-0.030572231,-0.063228505,-0.081589804,,V,Bw,VBw
111,HB20NH089110,,,,HB20NH089110_Bw2,2240,,,,15315,52047,,514,8235,548,22336,,-0.13402171,-0.054679048,,-0.003850555,0.018671955,-0.056887592,0.040619451,,V,Bw,VBw
112,HB20NH110125,,,,HB20NH110125_Cd1,1701,,,,13284,50251,,566,8394,596,21669,,-0.010849044,0.201910129,,0.444513198,0.367361715,0.350743433,0.329441136,,V,Cd,VCd
113,HB20NH125132,,,,HB20NH125132_Cd2,2185,,,,13866,51216,,491,9676,753,20895,,-0.196218926,-0.046357021,,-0.024472655,0.227052608,0.328539445,-0.002011606,,V,Cd,VCd
114,HB20NH140153,,,,HB20NH140153_Cr,4489,,,,67185,57763,,969,19276,438,16226,,0.895661272,-0.476481859,,-0.062905113,0.189833183,-0.623854887,-0.622778513,,V,Cr,VCr