"","Pedon","variable","Cat","N","mean","sd","se"
"1","42_2_PFM","Ti","LE",1,5100.459148,NA,NA
"2","42_2_PFM","Zr","LE",1,366,NA,NA
"3","42_2_PFM","Y","LE",1,33,NA,NA
"4","42_2_PFM","Ratio","LE",1,13.93568073,NA,NA
"5","42_2_PFM","Fe","LE",1,14338.3306,NA,NA
"6","42_2_PFM","Al","LE",1,45675.24052,NA,NA
"7","42_2_PFM","Si","LE",1,369555.4653,NA,NA
"8","42_2_PFM","Mn","LE",1,433.6986338,NA,NA
"9","42_2_PFM","Ca","LE",1,4574.053536,NA,NA
"10","42_2_PFM","P","LE",1,480.0715777,NA,NA
"11","42_2_PFM","K","LE",1,19342.50013,NA,NA
"12","42_2_PFM","Ce","LE",1,64.5,NA,NA
"13","42_2_PFM","tau_Fe","LE",1,-0.643936597,NA,NA
"14","42_2_PFM","tau_Al","LE",1,-0.635663091,NA,NA
"15","42_2_PFM","tau_Si","LE",1,-0.488970264,NA,NA
"16","42_2_PFM","tau_Mn","LE",1,-0.630862491,NA,NA
"17","42_2_PFM","tau_Ca","LE",1,-0.75150896,NA,NA
"18","42_2_PFM","tau_P","LE",1,-0.637149572,NA,NA
"19","42_2_PFM","tau_K","LE",1,-0.604234538,NA,NA
"20","42_2_PFM","tau_Ce","LE",1,-0.509754801,NA,NA
"21","42_2_V2.1","Ti","LE",4,4907.169127,523.904881417677,261.952440708839
"22","42_2_V2.1","Zr","LE",4,397.25,23.8938625313419,11.946931265671
"23","42_2_V2.1","Y","LE",4,32.75,1.5,0.75
"24","42_2_V2.1","Ratio","LE",4,12.3347147075,0.827581726274582,0.413790863137291
"25","42_2_V2.1","Fe","LE",4,9617.1729635,524.961499368095,262.480749684047
"26","42_2_V2.1","Al","LE",4,44338.856025,2528.43419800369,1264.21709900184
"27","42_2_V2.1","Si","LE",4,384969.190925,6388.26847063481,3194.1342353174
"28","42_2_V2.1","Mn","LE",4,596.335621425,223.567877629133,111.783938814567
"29","42_2_V2.1","Ca","LE",4,4073.76643075,303.219775655059,151.609887827529
"30","42_2_V2.1","P","LE",4,283.67865955,56.3427038005946,28.1713519002973
"31","42_2_V2.1","K","LE",4,18719.88746,842.510454318331,421.255227159166
"32","42_2_V2.1","Ce","LE",4,73.725,6.52143900275596,3.26071950137798
"33","42_2_V2.1","tau_Fe","LE",4,-0.75035038825,0.0194795472907621,0.00973977364538103
"34","42_2_V2.1","tau_Al","LE",4,-0.630695915,0.0218523698163244,0.0109261849081622
"35","42_2_V2.1","tau_Si","LE",4,-0.44071814675,0.0749724294107252,0.0374862147053626
"36","42_2_V2.1","tau_Mn","LE",4,-0.4699651295,0.193001364310575,0.0965006821552874
"37","42_2_V2.1","tau_Ca","LE",4,-0.766953189,0.0405362989777503,0.0202681494888751
"38","42_2_V2.1","tau_P","LE",4,-0.774417366,0.0542615741826394,0.0271307870913197
"39","42_2_V2.1","tau_K","LE",4,-0.5992506615,0.0352428688234696,0.0176214344117348
"40","42_2_V2.1","tau_Ce","LE",4,-0.41455700025,0.0549586154295634,0.0274793077147817
"41","42_3_PFM","Ti","LBhs",3,3378.329972,198.540448974911,114.627381660694
"42","42_3_PFM","Zr","LBhs",3,263.666666666667,30.6648550189518,17.7043622998527
"43","42_3_PFM","Y","LBhs",3,23.6666666666667,3.21455025366432,1.85592145427667
"44","42_3_PFM","Ratio","LBhs",3,12.8739645666667,0.798293599475978,0.460895024549811
"45","42_3_PFM","Fe","LBhs",3,30378.60939,1440.78209731541,831.835931728647
"46","42_3_PFM","Al","LBhs",3,51585.32379,4532.01300093745,2616.55892606212
"47","42_3_PFM","Si","LBhs",3,302369.2284,6354.44638374163,3668.74133020428
"48","42_3_PFM","Mn","LBhs",3,1388.86824366667,351.961455143769,203.205040871628
"49","42_3_PFM","Ca","LBhs",3,5503.15816066667,123.788954725264,71.4695863333336
"50","42_3_PFM","P","LBhs",3,2429.45313566667,223.957818118706,129.302106577956
"51","42_3_PFM","K","LBhs",3,16132.58594,715.7287955296,413.226212765781
"52","42_3_PFM","Ce","LBhs",3,51.6,0.800000000000001,0.461880215351701
"53","42_3_PFM","tau_Fe","LBhs",3,0.14353463,0.118417945311241,0.0683686326023275
"54","42_3_PFM","tau_Al","LBhs",3,-0.379085453,0.0339262663211166,0.0195873389930956
"55","42_3_PFM","tau_Si","LBhs",3,-0.367134525666667,0.0432515260529515,0.0249712802095337
"56","42_3_PFM","tau_Mn","LBhs",3,0.771528598666667,0.348385226949922,0.201140304561226
"57","42_3_PFM","tau_Ca","LBhs",3,-0.547259741,0.0353848118156171,0.0204294306269708
"58","42_3_PFM","tau_P","LBhs",3,1.78828132833333,0.413512751050761,0.2387416981325
"59","42_3_PFM","tau_K","LBhs",3,-0.500084766333333,0.0451285208219126,0.0260549636446608
"60","42_3_PFM","tau_Ce","LBhs",3,-0.406641914,0.0329060091969943,0.0189982932678409
"61","42_3_V3.1","Ti","LBhs",6,3173.552431,519.698055125338,212.165842562314
"62","42_3_V3.1","Ti","DC",1,2780.978901,NA,NA
"63","42_3_V3.1","Zr","LBhs",6,231.833333333333,44.1017762302911,18.0044747524362
"64","42_3_V3.1","Zr","DC",1,178,NA,NA
"65","42_3_V3.1","Y","LBhs",6,28,3.74165738677394,1.52752523165195
"66","42_3_V3.1","Y","DC",1,27,NA,NA
"67","42_3_V3.1","Ratio","LBhs",6,13.9142635483333,2.312617772797,0.944122252240721
"68","42_3_V3.1","Ratio","DC",1,15.6234769719101,NA,NA
"69","42_3_V3.1","Fe","LBhs",6,26788.1981466667,4938.00098580272,2015.93046076283
"70","42_3_V3.1","Fe","DC",1,21752.29667,NA,NA
"71","42_3_V3.1","Al","LBhs",6,54478.6182833333,4826.17332702519,1970.27701024033
"72","42_3_V3.1","Al","DC",1,68698.1022,NA,NA
"73","42_3_V3.1","Si","LBhs",6,307378.591866667,16625.5724645456,6787.36153663381
"74","42_3_V3.1","Si","DC",1,332487.734,NA,NA
"75","42_3_V3.1","Mn","LBhs",6,1427.59133633333,352.449636188648,143.886961448626
"76","42_3_V3.1","Mn","DC",1,534.3786737,NA,NA
"77","42_3_V3.1","Ca","LBhs",6,6420.3511875,1535.1272341319,626.713068978867
"78","42_3_V3.1","Ca","DC",1,10791.90756,NA,NA
"79","42_3_V3.1","P","LBhs",6,2225.786406,452.709330038692,184.817810065337
"80","42_3_V3.1","P","DC",1,741.9288019,NA,NA
"81","42_3_V3.1","K","LBhs",6,17488.4979666667,734.421035503667,299.826132225072
"82","42_3_V3.1","K","DC",1,25568.62678,NA,NA
"83","42_3_V3.1","Ce","LBhs",6,56.4833333333333,4.42918352144802,1.80820660078187
"84","42_3_V3.1","Ce","DC",1,65.7,NA,NA
"85","42_3_V3.1","tau_Fe","LBhs",6,0.102103395666667,0.300385691389516,0.122631944989575
"86","42_3_V3.1","tau_Fe","DC",1,-0.00929251218653204,NA,NA
"87","42_3_V3.1","tau_Al","LBhs",6,-0.27987081,0.162230090794982,0.0662301572288488
"88","42_3_V3.1","tau_Al","DC",1,0.00502912181003934,NA,NA
"89","42_3_V3.1","tau_Si","LBhs",6,-0.304244030166667,0.100742196017583,0.0411278293017536
"90","42_3_V3.1","tau_Si","DC",1,-0.156755047703857,NA,NA
"91","42_3_V3.1","tau_Mn","LBhs",6,0.938980951666667,0.283431589868616,0.115710462027317
"92","42_3_V3.1","tau_Mn","DC",1,-0.165817988420608,NA,NA
"93","42_3_V3.1","tau_Ca","LBhs",6,-0.412620755833333,0.212756973245919,0.0868576706119122
"94","42_3_V3.1","tau_Ca","DC",1,0.0752743526251825,NA,NA
"95","42_3_V3.1","tau_P","LBhs",6,1.79598179066667,0.826825063649201,0.337549918747461
"96","42_3_V3.1","tau_P","DC",1,0.0284790639544807,NA,NA
"97","42_3_V3.1","tau_K","LBhs",6,-0.412707139166667,0.0945132262485725,0.038584863042204
"98","42_3_V3.1","tau_K","DC",1,-0.0405015740441551,NA,NA
"99","42_3_V3.1","tau_Ce","LBhs",6,-0.293970385166667,0.133149488561647,0.0543580510814302
"100","42_3_V3.1","tau_Ce","DC",1,-0.0841368544099369,NA,NA
"101","42_4_d1_2","Ti","DC",1,2601.17423,NA,NA
"102","42_4_d1_2","Zr","DC",1,223,NA,NA
"103","42_4_d1_2","Y","DC",1,33,NA,NA
"104","42_4_d1_2","Ratio","DC",1,11.6644584304933,NA,NA
"105","42_4_d1_2","Fe","DC",1,20633.20745,NA,NA
"106","42_4_d1_2","Al","DC",1,64569.86494,NA,NA
"107","42_4_d1_2","Si","DC",1,350530.7911,NA,NA
"108","42_4_d1_2","Mn","DC",1,596.3356214,NA,NA
"109","42_4_d1_2","Ca","DC",1,9005.167899,NA,NA
"110","42_4_d1_2","P","DC",1,741.9288019,NA,NA
"111","42_4_d1_2","K","DC",1,27727.01735,NA,NA
"112","42_4_d1_2","Ce","DC",1,67.6,NA,NA
"113","42_4_d1_2","tau_Fe","DC",1,0.00469750435190797,NA,NA
"114","42_4_d1_2","tau_Al","DC",1,0.00993177287524838,NA,NA
"115","42_4_d1_2","tau_Si","DC",1,-0.0495428410452475,NA,NA
"116","42_4_d1_2","tau_Mn","DC",1,-0.00475339214941606,NA,NA
"117","42_4_d1_2","tau_Ca","DC",1,-0.0407293957797261,NA,NA
"118","42_4_d1_2","tau_P","DC",1,0.0995720870945429,NA,NA
"119","42_4_d1_2","tau_K","DC",1,0.112418667238329,NA,NA
"120","42_4_d1_2","tau_Ce","DC",1,0.00748864680645456,NA,NA
"121","42_4_PFM","Ti","VE",1,3128.601263,NA,NA
"122","42_4_PFM","Ti","VBhs",2,3407.2985025,12.7141101446008,8.99023349999993
"123","42_4_PFM","Zr","VE",1,233,NA,NA
"124","42_4_PFM","Zr","VBhs",2,213,46.6690475583121,33
"125","42_4_PFM","Y","VE",1,24,NA,NA
"126","42_4_PFM","Y","VBhs",2,22.5,0.707106781186548,0.5
"127","42_4_PFM","Ratio","VE",1,13.42747323,NA,NA
"128","42_4_PFM","Ratio","VBhs",2,16.38342148,3.52997449099769,2.4960689
"129","42_4_PFM","Fe","VE",1,15737.19212,NA,NA
"130","42_4_PFM","Fe","VBhs",2,35111.424205,4648.97899788737,3287.324575
"131","42_4_PFM","Al","VE",1,46998.39349,NA,NA
"132","42_4_PFM","Al","VBhs",2,50359.202035,7746.85442247915,5477.853295
"133","42_4_PFM","Si","VE",1,359552.3196,NA,NA
"134","42_4_PFM","Si","VBhs",2,296588.5944,4098.54307313652,2898.10759999999
"135","42_4_PFM","Mn","VE",1,410.4647784,NA,NA
"136","42_4_PFM","Mn","VBhs",2,460.8047984,38.3339056012375,27.1061646
"137","42_4_PFM","Ca","VE",1,5789.036507,NA,NA
"138","42_4_PFM","Ca","VBhs",2,5967.710473,353.756405192793,250.143553
"139","42_4_PFM","P","VE",1,349.1429656,NA,NA
"140","42_4_PFM","P","VBhs",2,763.75023725,30.8601698224177,21.82143535
"141","42_4_PFM","K","VE",1,20089.63532,NA,NA
"142","42_4_PFM","K","VBhs",2,16893.556975,293.502424982751,207.537554999999
"143","42_4_PFM","Ce","VE",1,45.2,NA,NA
"144","42_4_PFM","Ce","VBhs",2,45.85,0.91923881554251,0.649999999999998
"145","42_4_PFM","tau_Fe","VE",1,-0.362889075,NA,NA
"146","42_4_PFM","tau_Fe","VBhs",2,0.3055291715,0.177688083105588,0.1256444485
"147","42_4_PFM","tau_Al","VE",1,-0.388826666,NA,NA
"148","42_4_PFM","tau_Al","VBhs",2,-0.39885586,0.0902579521199113,0.06382201
"149","42_4_PFM","tau_Si","VE",1,-0.189435285,NA,NA
"150","42_4_PFM","tau_Si","VBhs",2,-0.386079825,0.00619309009121874,0.00437917599999998
"151","42_4_PFM","tau_Mn","VE",1,-0.430445776,NA,NA
"152","42_4_PFM","tau_Mn","VBhs",2,-0.4129814575,0.0466503240778531,0.0329867605
"153","42_4_PFM","tau_Ca","VE",1,-0.487286401,NA,NA
"154","42_4_PFM","tau_Ca","VBhs",2,-0.5147435505,0.0269575105304656,0.0190618385
"155","42_4_PFM","tau_P","VE",1,-0.569786535,NA,NA
"156","42_4_PFM","tau_P","VBhs",2,-0.135812746,0.0381402211342745,0.026969209
"157","42_4_PFM","tau_K","VE",1,-0.329874115,NA,NA
"158","42_4_PFM","tau_K","VBhs",2,-0.4825904725,0.00705883132901703,0.00499134749999999
"159","42_4_PFM","tau_Ce","VE",1,-0.439918631,NA,NA
"160","42_4_PFM","tau_Ce","VBhs",2,-0.478350442,0.00851228012535784,0.006019091
"161","42_4_V4.1","Ti","VE",1,3380.327802,NA,NA
"162","42_4_V4.1","Ti","VBhs",3,3230.49057666667,626.685126453853,361.816826455267
"163","42_4_V4.1","Ti","DC",2,2124.691854,343.280974611332,242.736305
"164","42_4_V4.1","Zr","VE",1,264,NA,NA
"165","42_4_V4.1","Zr","VBhs",3,191.333333333333,22.0302821891444,12.7191893522259
"166","42_4_V4.1","Zr","DC",2,197,50.9116882454314,36
"167","42_4_V4.1","Y","VE",1,23,NA,NA
"168","42_4_V4.1","Y","VBhs",3,25,2.64575131106459,1.52752523165195
"169","42_4_V4.1","Y","DC",2,26,2.82842712474619,2
"170","42_4_V4.1","Ratio","VE",1,12.80427198,NA,NA
"171","42_4_V4.1","Ratio","VBhs",3,16.86107314,2.26149768385936,1.30567629654792
"172","42_4_V4.1","Ratio","DC",2,10.9249003880788,1.08083323887778,0.7642645125423
"173","42_4_V4.1","Fe","VE",1,9861.97373,NA,NA
"174","42_4_V4.1","Fe","VBhs",3,20166.9202733333,7520.85943292894,4342.17021813886
"175","42_4_V4.1","Fe","DC",2,16856.28134,296.743342848305,209.829230000001
"176","42_4_V4.1","Al","VE",1,48903.73377,NA,NA
"177","42_4_V4.1","Al","VBhs",3,50950.2103633333,1949.18591499013,1125.36301272018
"178","42_4_V4.1","Al","DC",2,61076.741095,1796.37204563152,1270.226855
"179","42_4_V4.1","Si","VE",1,375304.9369,NA,NA
"180","42_4_V4.1","Si","VBhs",3,324930.8404,19930.0419418196,11506.6150800701
"181","42_4_V4.1","Si","DC",2,360604.05225,6048.65638938292,4277.04595
"182","42_4_V4.1","Mn","VE",1,317.5293569,NA,NA
"183","42_4_V4.1","Mn","VBhs",3,371.7416861,23.2338554,13.4140726695028
"184","42_4_V4.1","Mn","DC",2,522.76174605,60.2389945667379,42.59540155
"185","42_4_V4.1","Ca","VE",1,4645.523123,NA,NA
"186","42_4_V4.1","Ca","VBhs",3,5526.98135633333,507.048048712535,292.744327416257
"187","42_4_V4.1","Ca","DC",2,8755.0243465,960.195955638669,678.9610715
"188","42_4_V4.1","P","VE",1,261.8572242,NA,NA
"189","42_4_V4.1","P","VBhs",3,509.166824833333,66.6655861759735,38.4893941243825
"190","42_4_V4.1","P","DC",2,654.6430605,61.7203396448354,43.6428707
"191","42_4_V4.1","K","VE",1,22995.16109,NA,NA
"192","42_4_V4.1","K","VBhs",3,21722.2640866667,2133.23302202586,1231.62265951083
"193","42_4_V4.1","K","DC",2,24613.954025,880.507274948257,622.612665
"194","42_4_V4.1","Ce","VE",1,60.1,NA,NA
"195","42_4_V4.1","Ce","VBhs",3,55.2,5.66656862660288,3.27159492195066
"196","42_4_V4.1","Ce","DC",2,55.55,9.54594154601839,6.75
"197","42_4_V4.1","tau_Fe","VE",1,-0.630475664,NA,NA
"198","42_4_V4.1","tau_Fe","VBhs",3,-0.153785763666667,0.430242233623064,0.248400469399022
"199","42_4_V4.1","tau_Fe","DC",2,0.019592811957168,0.182422782265776,0.128992386383047
"200","42_4_V4.1","tau_Al","VE",1,-0.411407395,NA,NA
"201","42_4_V4.1","tau_Al","VBhs",3,-0.342707157666667,0.121798065049232,0.0703201456429497
"202","42_4_V4.1","tau_Al","DC",2,0.182181428957077,0.156604099338391,0.110735820603788
"203","42_4_V4.1","tau_Si","VE",1,-0.216928756,NA,NA
"204","42_4_V4.1","tau_Si","VBhs",3,-0.27870392,0.0935635469250824,0.0540189390035325
"205","42_4_V4.1","tau_Si","DC",2,0.214518932700029,0.216305534068465,0.15295110994799
"206","42_4_V4.1","tau_Mn","VE",1,-0.59221198,NA,NA
"207","42_4_V4.1","tau_Mn","VBhs",3,-0.484570488,0.124248762645606,0.0717350565599183
"208","42_4_V4.1","tau_Mn","DC",2,0.0923129329299695,0.299563219356302,0.211823183800914
"209","42_4_V4.1","tau_Ca","VE",1,-0.619202075,NA,NA
"210","42_4_V4.1","tau_Ca","VBhs",3,-0.509366511333333,0.131606836450643,0.0759832424519736
"211","42_4_V4.1","tau_Ca","DC",2,0.14662386068612,0.0600344648176075,0.0424507771774355
"212","42_4_V4.1","tau_P","VE",1,-0.701367781,NA,NA
"213","42_4_V4.1","tau_P","VBhs",3,-0.367853424333333,0.19098190325706,0.110263453255811
"214","42_4_V4.1","tau_P","DC",2,0.194331440640627,0.0809791642825994,0.0572609161990455
"215","42_4_V4.1","tau_K","VE",1,-0.290075449,NA,NA
"216","42_4_V4.1","tau_K","VBhs",3,-0.287964385,0.0917313849108625,0.0529611397714236
"217","42_4_V4.1","tau_K","DC",2,0.22851074779324,0.241735858282491,0.1709330646475
"218","42_4_V4.1","tau_Ce","VE",1,-0.310747163,NA,NA
"219","42_4_V4.1","tau_Ce","VBhs",3,-0.330079556666667,0.0584047438002642,0.0337199945550337
"220","42_4_V4.1","tau_Ce","DC",2,0.0127110503130058,0.0105538539399333,0.00746270168857921
"221","52_2_PFM","Ti","LE",1,5555.964312,NA,NA
"222","52_2_PFM","Zr","LE",1,382,NA,NA
"223","52_2_PFM","Y","LE",1,30,NA,NA
"224","52_2_PFM","Ratio","LE",1,14.54440919,NA,NA
"225","52_2_PFM","Fe","LE",1,14967.81829,NA,NA
"226","52_2_PFM","Al","LE",1,55201.94191,NA,NA
"227","52_2_PFM","Si","LE",1,344267.1391,NA,NA
"228","52_2_PFM","Mn","LE",1,456.9324891,NA,NA
"229","52_2_PFM","Ca","LE",1,3716.418498,NA,NA
"230","52_2_PFM","P","LE",1,567.3573191,NA,NA
"231","52_2_PFM","K","LE",1,21583.90572,NA,NA
"232","52_2_PFM","Ce","LE",1,82.9,NA,NA
"233","52_2_PFM","tau_Fe","LE",1,-0.658777959,NA,NA
"234","52_2_PFM","tau_Al","LE",1,-0.595771892,NA,NA
"235","52_2_PFM","tau_Si","LE",1,-0.562969307,NA,NA
"236","52_2_PFM","tau_Mn","LE",1,-0.642972238,NA,NA
"237","52_2_PFM","tau_Ca","LE",1,-0.814653696,NA,NA
"238","52_2_PFM","tau_P","LE",1,-0.606333796,NA,NA
"239","52_2_PFM","tau_K","LE",1,-0.594580023,NA,NA
"240","52_2_PFM","tau_Ce","LE",1,-0.421560435,NA,NA
"241","52_2_X2.1","Ti","LE",3,4966.60455966667,484.485022511714,279.71755816548
"242","52_2_X2.1","Zr","LE",3,382.666666666667,41.4769012021551,23.9467000742157
"243","52_2_X2.1","Y","LE",3,35.3333333333333,3.05505046330389,1.76383420737639
"244","52_2_X2.1","Ratio","LE",3,12.99233129,0.376936516350285,0.217624399182237
"245","52_2_X2.1","Fe","LE",3,8929.399382,626.891848593476,361.936177538226
"246","52_2_X2.1","Al","LE",3,44034.5308433333,3254.4183948087,1878.93933629848
"247","52_2_X2.1","Si","LE",3,384108.3283,10633.1663973645,6139.06148185645
"248","52_2_X2.1","Mn","LE",3,389.8124625,35.7708604327626,20.6523159
"249","52_2_X2.1","Ca","LE",3,2525.25872333333,109.171596892699,63.0302508538613
"250","52_2_X2.1","P","LE",3,247.309600633333,66.6655861759735,38.4893941243825
"251","52_2_X2.1","K","LE",3,19231.8134266667,789.006726945306,455.533246194298
"252","52_2_X2.1","Ce","LE",3,74.8,4.13279566395436,2.38607068908977
"253","52_2_X2.1","tau_Fe","LE",3,-0.771893745666667,0.00598712004991054,0.00345666537248646
"254","52_2_X2.1","tau_Al","LE",3,-0.638703365333333,0.0113580093394161,0.00655754974957015
"255","52_2_X2.1","tau_Si","LE",3,-0.450480146,0.0629784237099075,0.0363606098820534
"256","52_2_X2.1","tau_Mn","LE",3,-0.655278658666667,0.0614336950277519,0.0354687603615859
"257","52_2_X2.1","tau_Ca","LE",3,-0.858621895333333,0.00784547930413372,0.00452958958816324
"258","52_2_X2.1","tau_P","LE",3,-0.809271428666667,0.0410034371480266,0.023673345475113
"259","52_2_X2.1","tau_K","LE",3,-0.594317765333333,0.0260267262081189,0.0150265373823821
"260","52_2_X2.1","tau_Ce","LE",3,-0.414225911666667,0.035804441019869,0.0206717036610054
"261","52_3_PFM","Ti","LBhs",2,4249.383708,59.3325140081379,41.9544230000001
"262","52_3_PFM","Zr","LBhs",2,337.5,64.3467170879758,45.5
"263","52_3_PFM","Y","LBhs",2,41.5,17.6776695296637,12.5
"264","52_3_PFM","Ratio","LBhs",2,12.840909255,2.62400850107319,1.855454205
"265","52_3_PFM","Fe","LBhs",2,20947.95129,5885.40958837459,4161.61303
"266","52_3_PFM","Al","LBhs",2,48242.15729,1908.64529362214,1349.61603
"267","52_3_PFM","Si","LBhs",2,324377.707,44125.443893556,31201.4006
"268","52_3_PFM","Mn","LBhs",2,789.95108315,372.386511989244,263.31702785
"269","52_3_PFM","Ca","LBhs",2,5967.710473,2173.07505865174,1536.59611
"270","52_3_PFM","P","LBhs",2,829.21454355,370.322038222566,261.85722445
"271","52_3_PFM","K","LBhs",2,19757.575235,1995.81649129693,1411.255375
"272","52_3_PFM","Ce","LBhs",2,64.45,14.6371103705615,10.35
"273","52_3_PFM","tau_Fe","LBhs",2,-0.3743276445,0.184159924589445,0.1302207315
"274","52_3_PFM","tau_Al","LBhs",2,-0.537943965,0.0247253957466822,0.017483495
"275","52_3_PFM","tau_Si","LBhs",2,-0.4610413515,0.0807636908872095,0.0571085535
"276","52_3_PFM","tau_Mn","LBhs",2,-0.1902463615,0.391738585840152,0.2770010105
"277","52_3_PFM","tau_Ca","LBhs",2,-0.609837483,0.147146937023292,0.104048597
"278","52_3_PFM","tau_P","LBhs",2,-0.250005542,0.325485759893005,0.230153188
"279","52_3_PFM","tau_K","LBhs",2,-0.514386498,0.0557954584084119,0.039453347
"280","52_3_PFM","tau_Ce","LBhs",2,-0.411033965,0.141757644908733,0.100237792
"281","52_3_X3.1","Ti","LBhs",4,3798.37366,400.036395465962,200.018197732981
"282","52_3_X3.1","Ti","DC",3,3008.73148333333,933.65786150858,539.047617672989
"283","52_3_X3.1","Zr","LBhs",4,255,27.9880927062444,13.9940463531222
"284","52_3_X3.1","Zr","DC",3,163.333333333333,47.2687352626801,27.2906170281615
"285","52_3_X3.1","Y","LBhs",4,28,1.63299316185545,0.816496580927726
"286","52_3_X3.1","Y","DC",3,33.3333333333333,11.6761865920913,6.74124947205223
"287","52_3_X3.1","Ratio","LBhs",4,15.173403465,3.49017806427984,1.74508903213992
"288","52_3_X3.1","Ratio","DC",3,18.662498286767,3.5269559416839,2.03628896235115
"289","52_3_X3.1","Fe","LBhs",4,35321.2534325,4510.10830959391,2255.05415479695
"290","52_3_X3.1","Fe","DC",3,26531.7402,8409.57030161828,4855.26767740839
"291","52_3_X3.1","Al","LBhs",4,51153.09382,8813.37748665118,4406.68874332559
"292","52_3_X3.1","Al","DC",3,67427.87535,11432.04166,6600.29232978802
"293","52_3_X3.1","Si","LBhs",4,276886.136975,10056.0474593148,5028.02372965739
"294","52_3_X3.1","Si","DC",3,343659.4714,23626.7411557487,13640.9053663451
"295","52_3_X3.1","Mn","LBhs",4,482.10249915,76.5046533384227,38.2523266692114
"296","52_3_X3.1","Mn","DC",3,717.667977266667,114.95824613508,66.3711743516559
"297","52_3_X3.1","Ca","LBhs",4,6092.78224925,1660.16224394432,830.081121972159
"298","52_3_X3.1","Ca","DC",3,8695.46635766667,607.841725495413,350.937583839463
"299","52_3_X3.1","P","LBhs",4,785.5716726,61.7203396448353,30.8601698224177
"300","52_3_X3.1","P","DC",3,596.452566233333,109.832149354976,63.4116209957708
"301","52_3_X3.1","K","LBhs",4,15793.607935,1053.06990563926,526.534952819629
"302","52_3_X3.1","K","DC",3,27173.58387,3386.70089788572,1955.31267505907
"303","52_3_X3.1","Ce","LBhs",4,66.775,11.680575042922,5.84028752146102
"304","52_3_X3.1","Ce","DC",3,67.8,23.6810050462391,13.672234638127
"305","52_3_X3.1","tau_Fe","LBhs",4,0.17961033575,0.125263428603411,0.0626317143017055
"306","52_3_X3.1","tau_Fe","DC",3,0.117519874534671,0.0466770504304917,0.0269490076310221
"307","52_3_X3.1","tau_Al","LBhs",4,-0.4428827955,0.138798840731375,0.0693994203656873
"308","52_3_X3.1","tau_Al","DC",3,-0.0614263405935982,0.129552724105905,0.0747973001367935
"309","52_3_X3.1","tau_Si","LBhs",4,-0.4806896765,0.0668280254104208,0.0334140127052104
"310","52_3_X3.1","tau_Si","DC",3,-0.129460219565331,0.319040500754174,0.184198118992816
"311","52_3_X3.1","tau_Mn","LBhs",4,-0.439829419,0.131962090462319,0.0659810452311594
"312","52_3_X3.1","tau_Mn","DC",3,0.0692192297904694,0.168973160712765,0.0975566998233366
"313","52_3_X3.1","tau_Ca","LBhs",4,-0.54562263775,0.156776529629083,0.0783882648145414
"314","52_3_X3.1","tau_Ca","DC",3,-0.155979284385575,0.209001776964143,0.120667232191358
"315","52_3_X3.1","tau_P","LBhs",4,-0.19352476,0.129328295024224,0.0646641475121118
"316","52_3_X3.1","tau_P","DC",3,-0.215681275171736,0.0989588418427507,0.0571339139766057
"317","52_3_X3.1","tau_K","LBhs",4,-0.5613378445,0.0657523357185525,0.0328761678592763
"318","52_3_X3.1","tau_K","DC",3,-0.0205961084056549,0.178211698058849,0.102890571847017
"319","52_3_X3.1","tau_Ce","LBhs",4,-0.30526236525,0.174325183690514,0.0871625918452572
"320","52_3_X3.1","tau_Ce","DC",3,-0.134288658894856,0.105093761016564,0.0606759112130636
"321","52_4_d2_3","Ti","DC",1,3140.588241,NA,NA
"322","52_4_d2_3","Zr","DC",1,228,NA,NA
"323","52_4_d2_3","Y","DC",1,36,NA,NA
"324","52_4_d2_3","Ratio","DC",1,13.7745098289474,NA,NA
"325","52_4_d2_3","Fe","DC",1,20143.60592,NA,NA
"326","52_4_d2_3","Al","DC",1,65310.8306,NA,NA
"327","52_4_d2_3","Si","DC",1,351839.6139,NA,NA
"328","52_4_d2_3","Mn","DC",1,549.8679107,NA,NA
"329","52_4_d2_3","Ca","DC",1,11220.72508,NA,NA
"330","52_4_d2_3","P","DC",1,785.5716726,NA,NA
"331","52_4_d2_3","K","DC",1,24323.40145,NA,NA
"332","52_4_d2_3","Ce","DC",1,72.3,NA,NA
"333","52_4_d2_3","tau_Fe","DC",1,-0.187610619264833,NA,NA
"334","52_4_d2_3","tau_Al","DC",1,-0.153930952794189,NA,NA
"335","52_4_d2_3","tau_Si","DC",1,-0.209849987823096,NA,NA
"336","52_4_d2_3","tau_Mn","DC",1,-0.239924433035036,NA,NA
"337","52_4_d2_3","tau_Ca","DC",1,-0.0100148366669726,NA,NA
"338","52_4_d2_3","tau_P","DC",1,-0.0357142855953959,NA,NA
"339","52_4_d2_3","tau_K","DC",1,-0.191745997116037,NA,NA
"340","52_4_d2_3","tau_Ce","DC",1,-0.10753703149685,NA,NA
"341","52_4_X4.1","Ti","VE",1,2966.77706,NA,NA
"342","52_4_X4.1","Ti","VBhs",1,2984.757527,NA,NA
"343","52_4_X4.1","Ti","DC",5,1997.030538,680.23327904503,304.209570500454
"344","52_4_X4.1","Zr","VE",1,264,NA,NA
"345","52_4_X4.1","Zr","VBhs",1,167,NA,NA
"346","52_4_X4.1","Zr","DC",5,168.6,83.5601579701714,37.3692386863848
"347","52_4_X4.1","Y","VE",1,26,NA,NA
"348","52_4_X4.1","Y","VBhs",1,24,NA,NA
"349","52_4_X4.1","Y","DC",5,26.6,5.85662018573853,2.61916017074176
"350","52_4_X4.1","Ratio","VE",1,11.23779189,NA,NA
"351","52_4_X4.1","Ratio","VBhs",1,17.87279956,NA,NA
"352","52_4_X4.1","Ratio","DC",5,12.8215917395131,2.87831306364261,1.28722073416611
"353","52_4_X4.1","Fe","VE",1,11120.9491,NA,NA
"354","52_4_X4.1","Fe","VBhs",1,26998.02737,NA,NA
"355","52_4_X4.1","Fe","DC",5,15849.101042,2599.02297111543,1162.31840769952
"356","52_4_X4.1","Al","VE",1,44934.27486,NA,NA
"357","52_4_X4.1","Al","VBhs",1,48003.98975,NA,NA
"358","52_4_X4.1","Al","DC",5,55106.674896,6020.2616812338,2692.34287231519
"359","52_4_X4.1","Si","VE",1,387084.342,NA,NA
"360","52_4_X4.1","Si","VBhs",1,311780.2876,NA,NA
"361","52_4_X4.1","Si","DC",5,368573.84818,8437.13555471387,3773.20172714412
"362","52_4_X4.1","Mn","VE",1,371.7416861,NA,NA
"363","52_4_X4.1","Mn","VBhs",1,402.7201599,NA,NA
"364","52_4_X4.1","Mn","DC",5,528.18297898,104.967439922135,46.942866218004
"365","52_4_X4.1","Ca","VE",1,4288.17519,NA,NA
"366","52_4_X4.1","Ca","VBhs",1,5217.279815,NA,NA
"367","52_4_X4.1","Ca","DC",5,8747.877389,1842.05840514819,823.793562487242
"368","52_4_X4.1","P","VE",1,174.5714828,NA,NA
"369","52_4_X4.1","P","VBhs",1,392.7858363,NA,NA
"370","52_4_X4.1","P","DC",5,602.27161566,132.375381015579,59.2000700996539
"371","52_4_X4.1","K","VE",1,22248.0259,NA,NA
"372","52_4_X4.1","K","VBhs",1,19259.4851,NA,NA
"373","52_4_X4.1","K","DC",5,20753.755502,1632.04239728577,729.87154849854
"374","52_4_X4.1","Ce","VE",1,56.1,NA,NA
"375","52_4_X4.1","Ce","VBhs",1,53.5,NA,NA
"376","52_4_X4.1","Ce","DC",5,60.34,11.4835969974568,5.1356207025052
"377","52_4_X4.1","tau_Fe","VE",1,-0.525217216,NA,NA
"378","52_4_X4.1","tau_Fe","VBhs",1,0.145673846,NA,NA
"379","52_4_X4.1","tau_Fe","DC",5,0.0559100439750182,0.190993261722316,0.0854147832911016
"380","52_4_X4.1","tau_Al","VE",1,-0.383796124,NA,NA
"381","52_4_X4.1","tau_Al","VBhs",1,-0.345665411,NA,NA
"382","52_4_X4.1","tau_Al","DC",5,0.196878927859822,0.280742085306174,0.12555167737793
"383","52_4_X4.1","tau_Si","VE",1,-0.079769745,NA,NA
"384","52_4_X4.1","tau_Si","VBhs",1,-0.263258026,NA,NA
"385","52_4_X4.1","tau_Si","DC",5,0.433368692993999,0.48932105327264,0.218831027587884
"386","52_4_X4.1","tau_Mn","VE",1,-0.456041523,NA,NA
"387","52_4_X4.1","tau_Mn","VBhs",1,-0.41426158,NA,NA
"388","52_4_X4.1","tau_Mn","DC",5,0.240461693382948,0.39976743080076,0.178781430092189
"389","52_4_X4.1","tau_Ca","VE",1,-0.599496448,NA,NA
"390","52_4_X4.1","tau_Ca","VBhs",1,-0.515656096,NA,NA
"391","52_4_X4.1","tau_Ca","DC",5,0.258520943639697,0.170711258999034,0.0763443959292826
"392","52_4_X4.1","tau_P","VE",1,-0.773160173,NA,NA
"393","52_4_X4.1","tau_P","VBhs",1,-0.492685026,NA,NA
"394","52_4_X4.1","tau_P","DC",5,0.207090415059548,0.193375931349721,0.0864803455420618
"395","52_4_X4.1","tau_K","VE",1,-0.217397689,NA,NA
"396","52_4_X4.1","tau_K","VBhs",1,-0.326604557,NA,NA
"397","52_4_X4.1","tau_K","DC",5,0.168291730225192,0.319835613977407,0.143034834895773
"398","52_4_X4.1","tau_Ce","VE",1,-0.266937748,NA,NA
"399","52_4_X4.1","tau_Ce","VBhs",1,-0.305123485,NA,NA
"400","52_4_X4.1","tau_Ce","DC",5,0.22217096284954,0.196504363756821,0.0878794230471197
"401","86_2_PFM","Ti","LE",1,3074.659862,NA,NA
"402","86_2_PFM","Zr","LE",1,339,NA,NA
"403","86_2_PFM","Y","LE",1,42,NA,NA
"404","86_2_PFM","Ratio","LE",1,9.069793104,NA,NA
"405","86_2_PFM","Fe","LE",1,11120.9491,NA,NA
"406","86_2_PFM","Al","LE",1,39853.36746,NA,NA
"407","86_2_PFM","Si","LE",1,399471.4149,NA,NA
"408","86_2_PFM","Mn","LE",1,704.7602799,NA,NA
"409","86_2_PFM","Ca","LE",1,5574.627747,NA,NA
"410","86_2_PFM","P","LE",1,174.5714828,NA,NA
"411","86_2_PFM","K","LE",1,17516.16964,NA,NA
"412","86_2_PFM","Ce","LE",1,88.8,NA,NA
"413","86_2_PFM","tau_Fe","LE",1,-0.541876261,NA,NA
"414","86_2_PFM","tau_Al","LE",1,-0.472649278,NA,NA
"415","86_2_PFM","tau_Si","LE",1,-0.083643541,NA,NA
"416","86_2_PFM","tau_Mn","LE",1,-0.004929761,NA,NA
"417","86_2_PFM","tau_Ca","LE",1,-0.497613966,NA,NA
"418","86_2_PFM","tau_P","LE",1,-0.781119465,NA,NA
"419","86_2_PFM","tau_K","LE",1,-0.405466103,NA,NA
"420","86_2_PFM","tau_Ce","LE",1,0.119641004,NA,NA
"421","86_2_W2.2","Ti","LE",2,6110.362046,1385.83800788282,979.935453
"422","86_2_W2.2","Zr","LE",2,278,35.3553390593274,25
"423","86_2_W2.2","Y","LE",2,33,4.24264068711928,3
"424","86_2_W2.2","Ratio","LE",2,21.83934388,2.20755611674467,1.5609779
"425","86_2_W2.2","Fe","LE",2,15037.761365,5934.8668074686,4196.584565
"426","86_2_W2.2","Al","LE",2,49327.142725,2095.76737832053,1481.931325
"427","86_2_W2.2","Si","LE",2,366143.1773,4891.80954281845,3459.03169999999
"428","86_2_W2.2","Mn","LE",2,526.63405525,153.335622475661,108.42465845
"429","86_2_W2.2","Ca","LE",2,7111.223857,1263.41573121516,893.369831
"430","86_2_W2.2","P","LE",2,240.03578885,92.5805094672531,65.46430605
"431","86_2_W2.2","K","LE",2,18885.917505,1702.31405924311,1203.717815
"432","86_2_W2.2","Ce","LE",2,68.2,0.424264068711924,0.299999999999997
"433","86_2_W2.2","tau_Fe","LE",2,-0.6943777925,0.0537062824320182,0.0379760765
"434","86_2_W2.2","tau_Al","LE",2,-0.661269735,0.0907787518206044,0.064190271
"435","86_2_W2.2","tau_Si","LE",2,-0.565556544,0.104178825546528,0.073665554
"436","86_2_W2.2","tau_Mn","LE",2,-0.628647996,0.0247164197332018,0.017477148
"437","86_2_W2.2","tau_Ca","LE",2,-0.6756806185,0.0162635118287263,0.0115000395
"438","86_2_W2.2","tau_P","LE",2,-0.851360986,0.0246979868736299,0.017464114
"439","86_2_W2.2","tau_K","LE",2,-0.665544544,0.104929098368279,0.074196077
"440","86_2_W2.2","tau_Ce","LE",2,-0.5555708305,0.103488844184475,0.0731776635
"441","86_3_d2_2","Ti","DC",1,2978.764038,NA,NA
"442","86_3_d2_2","Zr","DC",1,212,NA,NA
"443","86_3_d2_2","Y","DC",1,29,NA,NA
"444","86_3_d2_2","Ratio","DC",1,14.0507737641509,NA,NA
"445","86_3_d2_2","Fe","DC",1,23500.87357,NA,NA
"446","86_3_d2_2","Al","DC",1,67163.24476,NA,NA
"447","86_3_d2_2","Si","DC",1,342724.598,NA,NA
"448","86_3_d2_2","Mn","DC",1,588.591003,NA,NA
"449","86_3_d2_2","Ca","DC",1,8361.941621,NA,NA
"450","86_3_d2_2","P","DC",1,654.6430605,NA,NA
"451","86_3_d2_2","K","DC",1,26979.88215,NA,NA
"452","86_3_d2_2","Ce","DC",1,67.4,NA,NA
"453","86_3_d2_2","tau_Fe","DC",1,-0.000722921577394842,NA,NA
"454","86_3_d2_2","tau_Al","DC",1,-0.0826666819039178,NA,NA
"455","86_3_d2_2","tau_Si","DC",1,-0.188506604458041,NA,NA
"456","86_3_d2_2","tau_Mn","DC",1,-0.142198277664583,NA,NA
"457","86_3_d2_2","tau_Ca","DC",1,-0.222160858210338,NA,NA
"458","86_3_d2_2","tau_P","DC",1,-0.152773785539386,NA,NA
"459","86_3_d2_2","tau_K","DC",1,-0.0547678105726644,NA,NA
"460","86_3_d2_2","tau_Ce","DC",1,-0.122824077697702,NA,NA
"461","86_3_PFM","Ti","LBhs",2,2601.1742305,1457.88463203556,1030.8801095
"462","86_3_PFM","Zr","LBhs",2,154.5,113.844191771034,80.5
"463","86_3_PFM","Y","LBhs",2,21,7.07106781186548,5
"464","86_3_PFM","Ratio","LBhs",2,18.3378706,4.0762163462262,2.88232022
"465","86_3_PFM","Fe","LBhs",2,23815.61741,9644.15856478812,6819.44992
"466","86_3_PFM","Al","LBhs",2,48162.768105,10403.988069037,7356.730515
"467","86_3_PFM","Si","LBhs",2,209318.1601,123220.715199185,87130.2033
"468","86_3_PFM","Mn","LBhs",2,391.10323225,158.811894664003,112.29696765
"469","86_3_PFM","Ca","LBhs",2,4288.1751905,2324.68494608643,1643.8004895
"470","86_3_PFM","P","LBhs",2,916.5002845,678.923735810346,480.0715775
"471","86_3_PFM","K","LBhs",2,12286.223258,7044.05820241448,4980.901322
"472","86_3_PFM","Ce","LBhs",2,47.15,16.3341666454092,11.55
"473","86_3_PFM","tau_Fe","LBhs",2,0.219617432,0.213955872048252,0.151289648
"474","86_3_PFM","tau_Al","LBhs",2,-0.1604252165,0.307830041079149,0.2176687095
"475","86_3_PFM","tau_Si","LBhs",2,-0.437759947,0.018990821976656,0.013428539
"476","86_3_PFM","tau_Mn","LBhs",2,-0.3137662,0.119567594668131,0.084547057
"477","86_3_PFM","tau_Ca","LBhs",2,-0.540416801,0.00994759516829507,0.00703401199999998
"478","86_3_PFM","tau_P","LBhs",2,0.9458981615,2.09681664346653,1.4826732675
"479","86_3_PFM","tau_K","LBhs",2,-0.5091790875,0.00751909278974557,0.00531680149999997
"480","86_3_PFM","tau_Ce","LBhs",2,-0.2472877475,0.178434777967026,0.1261724415
"481","86_3_W3.2","Ti","LBhs",5,3363.5460326,634.523409439422,283.767495364296
"482","86_3_W3.2","Zr","LBhs",5,232.6,28.1833284052824,12.6039676292825
"483","86_3_W3.2","Y","LBhs",5,24.4,2.07364413533277,0.92736184954957
"484","86_3_W3.2","Ratio","LBhs",5,14.399956,1.44425777792105,0.645891713692854
"485","86_3_W3.2","Fe","LBhs",5,28858.5132,6265.58804877897,2802.05615921601
"486","86_3_W3.2","Al","LBhs",5,52714.414324,1834.94174389364,820.610894819637
"487","86_3_W3.2","Si","LBhs",5,310976.29644,35743.5134215071,15984.9851530332
"488","86_3_W3.2","Mn","LBhs",5,387.23092298,51.6630488885823,23.104417847953
"489","86_3_W3.2","Ca","LBhs",5,6260.7357776,329.845885367393,147.511564356019
"490","86_3_W3.2","P","LBhs",5,497.52872598,165.037002911462,73.806791462572
"491","86_3_W3.2","K","LBhs",5,19027.043042,729.399293390337,326.197280552221
"492","86_3_W3.2","Ce","LBhs",5,53.56,8.22240840630043,3.6771728270507
"493","86_3_W3.2","tau_Fe","LBhs",5,0.0825848734,0.058492950471805,0.0261588426918969
"494","86_3_W3.2","tau_Al","LBhs",5,-0.3475376002,0.0997100741728095,0.0445917007783896
"495","86_3_W3.2","tau_Si","LBhs",5,-0.3182176094,0.200040962435941,0.0894610380582494
"496","86_3_W3.2","tau_Mn","LBhs",5,-0.476684803,0.157520105712446,0.0704451328391963
"497","86_3_W3.2","tau_Ca","LBhs",5,-0.4656358684,0.124397086634561,0.0556320683835617
"498","86_3_W3.2","tau_P","LBhs",5,-0.4416744356,0.0960140280826718,0.0429387787172856
"499","86_3_W3.2","tau_K","LBhs",5,-0.3903873514,0.13061969380726,0.0584149029106484
"500","86_3_W3.2","tau_Ce","LBhs",5,-0.3795297892,0.0264424005988615,0.0118254010454671
"501","86_4_PFM","Ti","VE",1,3979.676703,NA,NA
"502","86_4_PFM","Ti","VBhs",1,3841.826455,NA,NA
"503","86_4_PFM","Zr","VE",1,345,NA,NA
"504","86_4_PFM","Zr","VBhs",1,202,NA,NA
"505","86_4_PFM","Y","VE",1,32,NA,NA
"506","86_4_PFM","Y","VBhs",1,27,NA,NA
"507","86_4_PFM","Ratio","VE",1,11.53529479,NA,NA
"508","86_4_PFM","Ratio","VBhs",1,19.01894285,NA,NA
"509","86_4_PFM","Fe","VE",1,19094.45978,NA,NA
"510","86_4_PFM","Fe","VBhs",1,39238.06569,NA,NA
"511","86_4_PFM","Al","VE",1,43028.93458,NA,NA
"512","86_4_PFM","Al","VBhs",1,45093.05322,NA,NA
"513","86_4_PFM","Si","VE",1,380960.9211,NA,NA
"514","86_4_PFM","Si","VBhs",1,282799.2114,NA,NA
"515","86_4_PFM","Mn","VE",1,526.6340553,NA,NA
"516","86_4_PFM","Mn","VBhs",1,480.1663445,NA,NA
"517","86_4_PFM","Ca","VE",1,4716.992709,NA,NA
"518","86_4_PFM","Ca","VBhs",1,5860.506093,NA,NA
"519","86_4_PFM","P","VE",1,130.9286121,NA,NA
"520","86_4_PFM","P","VBhs",1,436.428707,NA,NA
"521","86_4_PFM","K","VE",1,19176.47008,NA,NA
"522","86_4_PFM","K","VBhs",1,15606.82414,NA,NA
"523","86_4_PFM","Ce","VE",1,60.6,NA,NA
"524","86_4_PFM","Ce","VBhs",1,44.8,NA,NA
"525","86_4_PFM","tau_Fe","VE",1,-0.39228829,NA,NA
"526","86_4_PFM","tau_Fe","VBhs",1,0.293623418,NA,NA
"527","86_4_PFM","tau_Al","VE",1,-0.560109685,NA,NA
"528","86_4_PFM","tau_Al","VBhs",1,-0.522466878,NA,NA
"529","86_4_PFM","tau_Si","VE",1,-0.324837284,NA,NA
"530","86_4_PFM","tau_Si","VBhs",1,-0.480822017,NA,NA
"531","86_4_PFM","tau_Mn","VE",1,-0.425525781,NA,NA
"532","86_4_PFM","tau_Mn","VBhs",1,-0.457420513,NA,NA
"533","86_4_PFM","tau_Ca","VE",1,-0.671575024,NA,NA
"534","86_4_PFM","tau_Ca","VBhs",1,-0.577315674,NA,NA
"535","86_4_PFM","tau_P","VE",1,-0.873171256,NA,NA
"536","86_4_PFM","tau_P","VBhs",1,-0.562068197,NA,NA
"537","86_4_PFM","tau_K","VE",1,-0.497130343,NA,NA
"538","86_4_PFM","tau_K","VBhs",1,-0.576053211,NA,NA
"539","86_4_PFM","tau_Ce","VE",1,-0.409679671,NA,NA
"540","86_4_PFM","tau_Ce","VBhs",1,-0.547932611,NA,NA
"541","86_4_W4.1","Ti","VE",1,3440.262692,NA,NA
"542","86_4_W4.1","Ti","VBhs",1,3865.800411,NA,NA
"543","86_4_W4.1","Ti","DC",2,2640.131909,360.2331214708,254.723283
"544","86_4_W4.1","Zr","VE",1,316,NA,NA
"545","86_4_W4.1","Zr","VBhs",1,291,NA,NA
"546","86_4_W4.1","Zr","DC",2,230.5,38.8908729652601,27.5
"547","86_4_W4.1","Y","VE",1,34,NA,NA
"548","86_4_W4.1","Y","VBhs",1,25,NA,NA
"549","86_4_W4.1","Y","DC",2,31.5,3.53553390593274,2.5
"550","86_4_W4.1","Ratio","VE",1,10.88690725,NA,NA
"551","86_4_W4.1","Ratio","VBhs",1,13.2845375,NA,NA
"552","86_4_W4.1","Ratio","DC",2,11.4855751850537,0.375058238542594,0.26520622381335
"553","86_4_W4.1","Fe","VE",1,10001.85988,NA,NA
"554","86_4_W4.1","Fe","VBhs",1,27907.28736,NA,NA
"555","86_4_W4.1","Fe","DC",2,18779.71593,2324.48950247922,1643.66229
"556","86_4_W4.1","Al","VE",1,45357.68381,NA,NA
"557","86_4_W4.1","Al","VBhs",1,49750.55167,NA,NA
"558","86_4_W4.1","Al","DC",2,59250.79,636.215097874043,449.872009999999
"559","86_4_W4.1","Si","VE",1,376333.2976,NA,NA
"560","86_4_W4.1","Si","VBhs",1,314023.9838,NA,NA
"561","86_4_W4.1","Si","DC",2,352353.79425,4296.85972591239,3038.33865000002
"562","86_4_W4.1","Mn","VE",1,379.4863045,NA,NA
"563","86_4_W4.1","Mn","VBhs",1,433.6986338,NA,NA
"564","86_4_W4.1","Mn","DC",2,557.6125291,87.6203557205805,61.9569477
"565","86_4_W4.1","Ca","VE",1,4788.462296,NA,NA
"566","86_4_W4.1","Ca","VBhs",1,6503.732372,NA,NA
"567","86_4_W4.1","Ca","DC",2,8897.9635195,252.683146667295,178.6739665
"568","86_4_W4.1","P","VE",1,174.5714828,NA,NA
"569","86_4_W4.1","P","VBhs",1,349.1429656,NA,NA
"570","86_4_W4.1","P","DC",2,676.46449585,30.8601698224177,21.82143535
"571","86_4_W4.1","K","VE",1,20504.71043,NA,NA
"572","86_4_W4.1","K","VBhs",1,18512.34991,NA,NA
"573","86_4_W4.1","K","DC",2,22289.533405,997.908242112932,705.627685000001
"574","86_4_W4.1","Ce","VE",1,63.8,NA,NA
"575","86_4_W4.1","Ce","VBhs",1,60.6,NA,NA
"576","86_4_W4.1","Ce","DC",2,71.85,15.4856385079854,10.95
"577","86_4_W4.1","tau_Fe","VE",1,-0.631763205,NA,NA
"578","86_4_W4.1","tau_Fe","VBhs",1,-0.085642107,NA,NA
"579","86_4_W4.1","tau_Fe","DC",2,-0.0982625073186266,0.0115209631951036,0.0081465512010584
"580","86_4_W4.1","tau_Al","VE",1,-0.463597413,NA,NA
"581","86_4_W4.1","tau_Al","VBhs",1,-0.476411531,NA,NA
"582","86_4_W4.1","tau_Al","DC",2,-0.0776839452278459,0.135649676939133,0.0959188064294251
"583","86_4_W4.1","tau_Si","VE",1,-0.228462825,NA,NA
"584","86_4_W4.1","tau_Si","VBhs",1,-0.427073109,NA,NA
"585","86_4_W4.1","tau_Si","DC",2,-0.0490625994501738,0.141229698912451,0.0998644778059282
"586","86_4_W4.1","tau_Mn","VE",1,-0.521134116,NA,NA
"587","86_4_W4.1","tau_Mn","VBhs",1,-0.512967411,NA,NA
"588","86_4_W4.1","tau_Mn","DC",2,-0.0844183420016262,0.0191483997890747,0.0135399633397257
"589","86_4_W4.1","tau_Ca","VE",1,-0.614323452,NA,NA
"590","86_4_W4.1","tau_Ca","VBhs",1,-0.533832494,NA,NA
"591","86_4_W4.1","tau_Ca","DC",2,-0.0591872929474896,0.101849555626795,0.0720185114445434
"592","86_4_W4.1","tau_P","VE",1,-0.804380289,NA,NA
"593","86_4_W4.1","tau_P","VBhs",1,-0.651827243,NA,NA
"594","86_4_W4.1","tau_P","DC",2,-0.006064595366671,0.0905563496308074,0.0640330089034438
"595","86_4_W4.1","tau_K","VE",1,-0.37799111,NA,NA
"596","86_4_W4.1","tau_K","VBhs",1,-0.500245539,NA,NA
"597","86_4_W4.1","tau_K","DC",2,-0.107936042410159,0.161163464326672,0.113959778504906
"598","86_4_W4.1","tau_Ce","VE",1,-0.281061104,NA,NA
"599","86_4_W4.1","tau_Ce","VBhs",1,-0.39229039,NA,NA
"600","86_4_W4.1","tau_Ce","DC",2,0.0492826045397603,0.084217908030308,0.0595510538655757
"601","HB08NH020024","Ti","VE",1,2506,NA,NA
"602","HB08NH020024","Zr","VE",1,NA,NA,NA
"603","HB08NH020024","Y","VE",1,NA,NA,NA
"604","HB08NH020024","Ratio","VE",1,NA,NA,NA
"605","HB08NH020024","Fe","VE",1,6410,NA,NA
"606","HB08NH020024","Al","VE",1,48203,NA,NA
"607","HB08NH020024","Si","VE",1,NA,NA,NA
"608","HB08NH020024","Mn","VE",1,261,NA,NA
"609","HB08NH020024","Ca","VE",1,6520,NA,NA
"610","HB08NH020024","P","VE",1,170,NA,NA
"611","HB08NH020024","K","VE",1,23881,NA,NA
"612","HB08NH020024","Ce","VE",1,NA,NA,NA
"613","HB08NH020024","tau_Fe","VE",1,-0.6760224,NA,NA
"614","HB08NH020024","tau_Al","VE",1,-0.217427465,NA,NA
"615","HB08NH020024","tau_Si","VE",1,NA,NA,NA
"616","HB08NH020024","tau_Mn","VE",1,-0.547864261,NA,NA
"617","HB08NH020024","tau_Ca","VE",1,-0.279082956,NA,NA
"618","HB08NH020024","tau_P","VE",1,-0.738483694,NA,NA
"619","HB08NH020024","tau_K","VE",1,-0.005497227,NA,NA
"620","HB08NH020024","tau_Ce","VE",1,NA,NA,NA
"621","HB08NH024028","Ti","VBhs",1,3100,NA,NA
"622","HB08NH024028","Zr","VBhs",1,NA,NA,NA
"623","HB08NH024028","Y","VBhs",1,NA,NA,NA
"624","HB08NH024028","Ratio","VBhs",1,NA,NA,NA
"625","HB08NH024028","Fe","VBhs",1,30723,NA,NA
"626","HB08NH024028","Al","VBhs",1,52386,NA,NA
"627","HB08NH024028","Si","VBhs",1,NA,NA,NA
"628","HB08NH024028","Mn","VBhs",1,363,NA,NA
"629","HB08NH024028","Ca","VBhs",1,7233,NA,NA
"630","HB08NH024028","P","VBhs",1,236,NA,NA
"631","HB08NH024028","K","VBhs",1,21205,NA,NA
"632","HB08NH024028","Ce","VBhs",1,NA,NA,NA
"633","HB08NH024028","tau_Fe","VBhs",1,0.25527809,NA,NA
"634","HB08NH024028","tau_Al","VBhs",1,-0.312480303,NA,NA
"635","HB08NH024028","tau_Si","VBhs",1,NA,NA,NA
"636","HB08NH024028","tau_Mn","VBhs",1,-0.491659949,NA,NA
"637","HB08NH024028","tau_Ca","VBhs",1,-0.35348957,NA,NA
"638","HB08NH024028","tau_P","VBhs",1,-0.706518164,NA,NA
"639","HB08NH024028","tau_K","VBhs",1,-0.286143136,NA,NA
"640","HB08NH024028","tau_Ce","VBhs",1,NA,NA,NA
"641","HB17NH010014","Ti","VE",1,3687,NA,NA
"642","HB17NH010014","Zr","VE",1,NA,NA,NA
"643","HB17NH010014","Y","VE",1,NA,NA,NA
"644","HB17NH010014","Ratio","VE",1,NA,NA,NA
"645","HB17NH010014","Fe","VE",1,9261,NA,NA
"646","HB17NH010014","Al","VE",1,43788,NA,NA
"647","HB17NH010014","Si","VE",1,NA,NA,NA
"648","HB17NH010014","Mn","VE",1,354,NA,NA
"649","HB17NH010014","Ca","VE",1,5347,NA,NA
"650","HB17NH010014","P","VE",1,174,NA,NA
"651","HB17NH010014","K","VE",1,18232,NA,NA
"652","HB17NH010014","Ce","VE",1,NA,NA,NA
"653","HB17NH010014","tau_Fe","VE",1,-0.68185671,NA,NA
"654","HB17NH010014","tau_Al","VE",1,-0.516814857,NA,NA
"655","HB17NH010014","tau_Si","VE",1,NA,NA,NA
"656","HB17NH010014","tau_Mn","VE",1,-0.583188665,NA,NA
"657","HB17NH010014","tau_Ca","VE",1,-0.598157552,NA,NA
"658","HB17NH010014","tau_P","VE",1,-0.818068865,NA,NA
"659","HB17NH010014","tau_K","VE",1,-0.483945308,NA,NA
"660","HB17NH010014","tau_Ce","VE",1,NA,NA,NA
"661","HB17NH014019","Ti","VBhs",1,3692,NA,NA
"662","HB17NH014019","Zr","VBhs",1,NA,NA,NA
"663","HB17NH014019","Y","VBhs",1,NA,NA,NA
"664","HB17NH014019","Ratio","VBhs",1,NA,NA,NA
"665","HB17NH014019","Fe","VBhs",1,32113,NA,NA
"666","HB17NH014019","Al","VBhs",1,52590,NA,NA
"667","HB17NH014019","Si","VBhs",1,NA,NA,NA
"668","HB17NH014019","Mn","VBhs",1,434,NA,NA
"669","HB17NH014019","Ca","VBhs",1,7287,NA,NA
"670","HB17NH014019","P","VBhs",1,260,NA,NA
"671","HB17NH014019","K","VBhs",1,18426,NA,NA
"672","HB17NH014019","Ce","VBhs",1,NA,NA,NA
"673","HB17NH014019","tau_Fe","VBhs",1,0.101684422,NA,NA
"674","HB17NH014019","tau_Al","VBhs",1,-0.420473795,NA,NA
"675","HB17NH014019","tau_Si","VBhs",1,NA,NA,NA
"676","HB17NH014019","tau_Mn","VBhs",1,-0.489686058,NA,NA
"677","HB17NH014019","tau_Ca","VBhs",1,-0.453102622,NA,NA
"678","HB17NH014019","tau_P","VBhs",1,-0.728517041,NA,NA
"679","HB17NH014019","tau_K","VBhs",1,-0.479160479,NA,NA
"680","HB17NH014019","tau_Ce","VBhs",1,NA,NA,NA
"681","HB20NH008012","Ti","VE",1,2992,NA,NA
"682","HB20NH008012","Zr","VE",1,NA,NA,NA
"683","HB20NH008012","Y","VE",1,NA,NA,NA
"684","HB20NH008012","Ratio","VE",1,NA,NA,NA
"685","HB20NH008012","Fe","VE",1,6961,NA,NA
"686","HB20NH008012","Al","VE",1,44333,NA,NA
"687","HB20NH008012","Si","VE",1,NA,NA,NA
"688","HB20NH008012","Mn","VE",1,295,NA,NA
"689","HB20NH008012","Ca","VE",1,5520,NA,NA
"690","HB20NH008012","P","VE",1,295,NA,NA
"691","HB20NH008012","K","VE",1,20850,NA,NA
"692","HB20NH008012","Ce","VE",1,NA,NA,NA
"693","HB20NH008012","tau_Fe","VE",1,-0.705321761,NA,NA
"694","HB20NH008012","tau_Al","VE",1,-0.397166842,NA,NA
"695","HB20NH008012","tau_Si","VE",1,NA,NA,NA
"696","HB20NH008012","tau_Mn","VE",1,-0.571974322,NA,NA
"697","HB20NH008012","tau_Ca","VE",1,-0.488793635,NA,NA
"698","HB20NH008012","tau_P","VE",1,-0.61990571,NA,NA
"699","HB20NH008012","tau_K","VE",1,-0.272757876,NA,NA
"700","HB20NH008012","tau_Ce","VE",1,NA,NA,NA
"701","HB20NH012017","Ti","VBhs",1,2680,NA,NA
"702","HB20NH012017","Zr","VBhs",1,NA,NA,NA
"703","HB20NH012017","Y","VBhs",1,NA,NA,NA
"704","HB20NH012017","Ratio","VBhs",1,NA,NA,NA
"705","HB20NH012017","Fe","VBhs",1,22319,NA,NA
"706","HB20NH012017","Al","VBhs",1,46501,NA,NA
"707","HB20NH012017","Si","VBhs",1,NA,NA,NA
"708","HB20NH012017","Mn","VBhs",1,382,NA,NA
"709","HB20NH012017","Ca","VBhs",1,5842,NA,NA
"710","HB20NH012017","P","VBhs",1,413,NA,NA
"711","HB20NH012017","K","VBhs",1,20121,NA,NA
"712","HB20NH012017","Ce","VBhs",1,NA,NA,NA
"713","HB20NH012017","tau_Fe","VBhs",1,0.054819038,NA,NA
"714","HB20NH012017","tau_Al","VBhs",1,-0.294074128,NA,NA
"715","HB20NH012017","tau_Si","VBhs",1,NA,NA,NA
"716","HB20NH012017","tau_Mn","VBhs",1,-0.381217582,NA,NA
"717","HB20NH012017","tau_Ca","VBhs",1,-0.395988061,NA,NA
"718","HB20NH012017","tau_P","VBhs",1,-0.405918298,NA,NA
"719","HB20NH012017","tau_K","VBhs",1,-0.216481377,NA,NA
"720","HB20NH012017","tau_Ce","VBhs",1,NA,NA,NA
