Lab_id,pedon,horizon,Mn_mgL,Fe_mgL,Ca_mgL,K_mgL,Na_mgL,Mg_mgL,P_mgL,S_mgL,Ca_mgKg,Ca_cmolKg,Na_mgKg,Na_cmolKg,Mg_mgKg,Mg_cmolKg,K_mgKg,K_cmolKg,P_mgKg,CEC_cmolKg
2,42_2_PFM,E1,NA,6.868,0.7665,1.043,0.411,NA,1.1780833333333334,0.6390833333333332,7.664999999999999,0.038248502994011974,4.11,0.017877337973031756,NA,NA,10.43,0.026675191815856775,11.780833333333334,0.0828010327829005
3,42_2_PFM,E2,NA,4.257,0.38749999999999996,NA,0.22,NA,0.7570833333333333,0.2920833333333333,3.8749999999999996,0.01933632734530938,2.2,0.009569377990430623,NA,NA,NA,NA,7.570833333333333,0.028905705335740002
4,42_3_PFM,Oa,5.62,4.346,8.215499999999999,17.857,1.87,5.39,3.2140833333333334,5.7980833333333335,82.15499999999999,0.4099550898203592,18.700000000000006,0.08133971291866032,53.9,0.4436213991769547,178.57,0.456700767263427,32.14083333333333,1.3916169691794011
5,42_3_PFM,Bhs1,1.208,10.504,0.9525,3.089,0.356,NA,2.2480833333333337,1.8620833333333333,9.525,0.047529940119760486,3.5599999999999996,0.015484993475424097,NA,NA,30.89,0.07900255754475703,22.480833333333337,0.1420174911399416
6,42_3_PFM,Bhs2,4.031,2.672,0.8365,1.376,0.346,NA,1.5200833333333332,2.0090833333333333,8.365,0.041741516966067864,3.46,0.015050021748586342,NA,NA,13.759999999999998,0.035191815856777484,15.200833333333332,0.0919833545714317
7,42_3_PFM,Bhs3,1.587,3.073,0.9225,1.511,0.508,NA,1.6230833333333332,2.4130833333333337,9.225000000000001,0.046032934131736536,5.08,0.022096563723357984,NA,NA,15.11,0.03864450127877238,16.230833333333333,0.1067739991338669
8,42_3_PFM,BC,1.839,4.669,1.1045,2.099,0.506,NA,1.8330833333333334,2.5880833333333335,11.045000000000002,0.05511477045908185,5.0600000000000005,0.022009569377990434,NA,NA,20.990000000000002,0.053682864450127876,18.330833333333334,0.13080720428720016
9,42_4_PFM,Oa,6.675,2.226,52.4525,23.695,1.149,16.163,6.112083333333333,6.305083333333333,524.525,2.6173902195608783,11.49,0.049978251413658116,161.63,1.3302880658436214,236.95,0.606010230179028,61.12083333333332,4.603666766997185
10,42_4_PFM,E,NA,2.564,2.9745,4.82,0.706,NA,0.8200833333333333,1.0650833333333332,29.744999999999997,0.14842814371257484,7.06,0.030709003914745542,NA,NA,48.20000000000001,0.12327365728900257,8.200833333333332,0.30241080491632294
11,42_4_PFM,Bhs1,NA,NA,-0.008499999999999994,NA,0.114,NA,0.008083333333333331,0.008083333333333331,-0.08499999999999994,-4.241516966067861e-4,1.1400000000000001,0.004958677685950414,NA,NA,NA,NA,0.08083333333333331,0.004534525989343628
13,42_4_PFM,Bhs2,NA,15.175,1.4875,4.519,0.395,NA,0.8090833333333334,2.1770833333333335,14.875000000000002,0.07422654690618764,3.95,0.01718138321009135,NA,NA,45.19,0.11557544757033247,8.090833333333334,0.20698337768661146
14,42_4_PFM,Bh,NA,1.367,0.7474999999999999,1.055,0.29,NA,0.31908333333333333,1.2780833333333332,7.475,0.03730039920159681,2.9,0.012614180078294911,NA,NA,10.549999999999999,0.026982097186700766,3.1908333333333334,0.07689667646659248
15,42_4_PFM,BC,NA,0.556,0.5045,0.423,0.191,NA,0.22808333333333336,0.9050833333333332,5.045,0.025174650698602797,1.9100000000000001,0.008307959982601133,NA,NA,4.2299999999999995,0.010818414322250638,2.2808333333333337,0.044301025003454564
16,42_5_V5.1,Bhs,2.33,0.948,2.5955,4.867,0.737,NA,1.6660833333333334,4.426083333333334,25.955,0.12951596806387225,7.370000000000001,0.03205741626794259,NA,NA,48.67,0.12447570332480817,16.660833333333333,0.286049087656623
17,42_5_V5.1,Bh1,0.281,0.879,1.8535000000000001,1.667,0.491,NA,0.5110833333333333,2.9480833333333334,18.535,0.09249001996007986,4.91,0.0213571117877338,NA,NA,16.67,0.04263427109974425,5.110833333333334,0.1564814028475579
18,42_5_V5.1,Bh2,NA,1.116,1.3865,1.275,0.39,NA,0.33308333333333334,2.2430833333333333,13.865,0.06918662674650698,3.9000000000000004,0.016963897346672467,NA,NA,12.750000000000002,0.03260869565217392,3.3308333333333335,0.11875921974535336
19,52_2_PFM,E,0.241,8.025,2.2325,3.953,0.474,NA,1.5030833333333333,1.4620833333333332,22.325000000000003,0.11140219560878246,4.74,0.020617659852109615,NA,NA,39.53,0.1010997442455243,15.030833333333334,0.23311959970641638
20,52_3_PFM,Oa,0.483,5.446,4.8745,22.235,3.817,7.165,4.092083333333333,8.009083333333333,48.745000000000005,0.24323852295409182,38.17,0.1660287081339713,71.65,0.5897119341563786,222.35,0.5686700767263427,40.920833333333334,1.5676492419707844
22,52_3_PFM,Bhs1,NA,6.951,2.2455,6.043,0.859,1.128,1.7870833333333331,2.5690833333333334,22.455,0.11205089820359282,8.59,0.0373640713353632,11.28,0.09283950617283951,60.43,0.15455242966751917,17.87083333333333,0.3968069053793147
23,52_3_PFM,Bhs2,NA,4.21,0.9234999999999999,0.877,0.307,NA,0.7320833333333332,0.6440833333333333,9.235,0.04608283433133732,3.07,0.013353632013919096,NA,NA,8.77,0.022429667519181583,7.320833333333332,0.081866133864438
24,52_4_PFM,Bh1,0.354,3.522,2.1904999999999997,4.516,0.679,NA,0.8220833333333333,2.6510833333333337,21.904999999999998,0.10930638722554889,6.790000000000001,0.02953458025228361,NA,NA,45.16,0.11549872122762148,8.220833333333333,0.254339688705454
25,52_4_PFM,Bh2,NA,1.943,1.5005000000000002,2.254,0.799,NA,0.5670833333333334,2.1340833333333333,15.005000000000003,0.07487524950099803,7.99,0.03475424097433667,NA,NA,22.540000000000003,0.05764705882352942,5.670833333333334,0.16727654929886412
26,52_4_X4.2,Oa,0.449,0.448,11.3645,34.899,2.514,20.706,12.119083333333334,11.253083333333333,113.645,0.5670908183632735,25.14,0.10935189212701175,207.06,1.7041975308641977,348.99,0.8925575447570333,121.19083333333334,3.273197786111516
27,52_4_X4.2,E,NA,0.112,0.3165,0.305,0.165,NA,0.22108333333333335,0.25208333333333327,3.1650000000000005,0.0157934131736527,1.6500000000000001,0.0071770334928229675,NA,NA,3.05,0.007800511508951407,2.2108333333333334,0.030770958175427073
28,52_4_X4.2,Bhs,NA,16.87,0.8554999999999999,2.691,0.773,NA,0.3110833333333333,1.3280833333333333,8.555,0.04268962075848303,7.73,0.033623314484558506,NA,NA,26.909999999999997,0.0688235294117647,3.1108333333333333,0.14513646465480623
29,52_4_X4.2,Bs,NA,0.48,0.5345,0.229,0.267,NA,0.1630833333333333,1.2290833333333333,5.345,0.02667165668662675,2.67,0.011613745106568074,NA,NA,2.29,0.005856777493606137,1.630833333333333,0.04414217928680096
30,52_4_X4.2,Cd,NA,0.421,0.2285,NA,0.154,NA,0.08408333333333334,0.6330833333333332,2.285,0.011402195608782436,1.54,0.0066985645933014355,NA,NA,NA,NA,0.8408333333333334,0.01810076020208387
31,86_2_PFM,Oa,NA,5.079,33.5955,12.962,1.27,14.461,2.1190833333333337,6.709083333333333,335.95500000000004,1.676422155688623,12.7,0.055241409308394954,144.61,1.1902057613168726,129.62,0.3315089514066496,21.19083333333334,3.25337827772054
33,86_2_PFM,E,NA,NA,0.6805,NA,NA,NA,0.04408333333333331,0.0950833333333333,6.805000000000001,0.03395708582834332,NA,NA,NA,NA,NA,NA,0.4408333333333331,0.03395708582834332
34,86_3_PFM,Oa,NA,1.07,6.5365,10.367,1.038,2.567,1.2490833333333333,5.318083333333333,65.36500000000001,0.32617265469061885,10.38,0.04515006524575903,25.67,0.21127572016460908,103.67000000000002,0.26514066496163685,12.490833333333333,0.8477391050626238
35,86_3_PFM,Bhs1,NA,1.943,5.1245,9.096,1.049,2.33,1.7500833333333332,4.164083333333333,51.245000000000005,0.25571357285429147,10.489999999999998,0.04562853414528055,23.3,0.19176954732510287,90.96000000000001,0.23263427109974427,17.500833333333333,0.7257459254244192
36,86_3_PFM,Bhs2,NA,2.332,2.4045,1.25,0.43,NA,0.4060833333333333,1.7650833333333333,24.045000000000005,0.1199850299401198,4.3,0.01870378425402349,NA,NA,12.5,0.0319693094629156,4.060833333333333,0.1706581236570589
37,86_3_PFM,C,NA,3.529,0.7575,0.319,0.162,NA,0.20508333333333334,0.47108333333333335,7.574999999999999,0.03779940119760479,1.62,0.00704654197477164,NA,NA,3.19,0.008158567774936062,2.0508333333333333,0.05300451094731249
38,86_4_PFM,Oa,NA,0.569,26.811500000000002,12.633,1.249,6.92,0.5090833333333333,3.0040833333333334,268.115,1.3378992015968065,12.490000000000002,0.054327968682035675,69.2,0.5695473251028806,126.33,0.3230946291560102,5.090833333333333,2.284869124537733
39,86_4_PFM,E,NA,0.381,4.2955000000000005,1.048,0.185,NA,0.23608333333333337,0.44608333333333333,42.955000000000005,0.21434630738522958,1.85,0.008046976946498478,NA,NA,10.480000000000002,0.026803069053708446,2.360833333333334,0.2491963533854365
40,86_4_PFM,Bhs,NA,39.302,8.1425,3.679,0.368,0.109,0.7970833333333334,2.2800833333333337,81.425,0.40631237524950103,3.6799999999999997,0.016006959547629405,1.09,0.008971193415637862,36.790000000000006,0.09409207161125321,7.970833333333333,0.5253825998240215
41,86_4_PFM,Bs,NA,3.141,2.3775,0.442,0.18,NA,0.2780833333333333,1.7860833333333332,23.775,0.1186377245508982,1.8,0.007829491083079601,NA,NA,4.42,0.011304347826086957,2.7808333333333333,0.13777156346006475
42,86_4_PFM,BC,NA,1.72,2.6454999999999997,1.12,0.546,NA,0.3020833333333333,2.0700833333333333,26.455,0.13201097804391218,5.460000000000002,0.02374945628534146,NA,NA,11.200000000000001,0.028644501278772383,3.0208333333333335,0.184404935608026
44,86_5_W5.1,Oa1,4.086,0.883,24.8095,38.643,2.648,10.859,3.4090833333333337,11.147083333333333,248.095,1.237999001996008,26.48,0.11518051326663767,108.59,0.8937448559670782,386.43,0.988312020460358,34.090833333333336,3.235236391690082
45,86_5_W5.1,Bhs,NA,1.568,6.1675,4.232,0.693,NA,0.8780833333333333,1.8510833333333332,61.675000000000004,0.30775948103792417,6.93,0.030143540669856462,NA,NA,42.32,0.10823529411764705,8.780833333333334,0.4461383158254277
46,86_5_W5.1,Bh1,0.531,1.969,5.6985,2.987,0.581,NA,0.5770833333333334,1.7650833333333333,56.985,0.2843562874251497,5.8100000000000005,0.0252718573292736,NA,NA,29.87,0.07639386189258311,5.770833333333335,0.38602200664700637
47,86_5_W5.1,Bh2,NA,1.176,2.9404999999999997,1.287,0.369,NA,0.2570833333333333,0.9700833333333332,29.404999999999998,0.1467315369261477,3.69,0.016050456720313182,NA,NA,12.87,0.032915601023017896,2.570833333333333,0.19569759466947878
48,52_3_X3.1,Oa,0.538,1.92,7.4365000000000006,11.254,0.552,3.286,2.6200833333333335,5.152083333333334,74.36500000000001,0.3710828343313374,5.5200000000000005,0.02401043932144411,32.86,0.2704526748971193,112.54,0.2878260869565218,26.200833333333335,0.9533720355064226
49,52_3_X3.1,E,NA,2.179,0.7545,1.399,0.188,NA,0.5610833333333334,0.7800833333333332,7.545000000000001,0.0376497005988024,1.88,0.008177468464549805,NA,NA,13.99,0.035780051150895144,5.610833333333334,0.08160722021424735
50,52_3_X3.1,Bhs1,NA,25.357,1.7745000000000002,5.75,0.397,0.24,1.0930833333333332,2.4870833333333335,17.745,0.08854790419161677,3.9700000000000006,0.0172683775554589,2.4,0.019753086419753086,57.5,0.14705882352941174,10.930833333333332,0.27262819169624053
51,52_3_X3.1,Bhs2.1,NA,13.01,1.5915000000000001,3.762,0.516,NA,0.2950833333333333,2.1870833333333333,15.915000000000003,0.07941616766467068,5.16,0.02244454110482819,NA,NA,37.62,0.09621483375959078,2.950833333333333,0.19807554252908965
52,52_3_X3.1,Bhs2.2,NA,4.729,0.9405,2.173,0.448,NA,0.2920833333333333,1.7850833333333334,9.405,0.046931137724550896,4.48,0.019486733362331452,NA,NA,21.73,0.05557544757033248,2.920833333333333,0.12199331865721483
53,52_3_X3.1,Bhs2.3,NA,2.753,1.1375000000000002,1.206,0.28,NA,0.35008333333333336,2.1180833333333333,11.375000000000002,0.05676147704590819,2.8000000000000003,0.012179208351457157,NA,NA,12.059999999999999,0.030843989769820966,3.5008333333333335,0.09978467516718631
55,52_3_X3.1,BC.1,NA,0.802,0.6855,0.202,0.223,NA,0.22308333333333336,1.5760833333333333,6.855,0.03420658682634731,2.2300000000000004,0.00969986950848195,NA,NA,2.02,0.005166240409207161,2.2308333333333334,0.04907269674403642
56,52_3_X3.1,BC.2,NA,0.684,0.39749999999999996,NA,0.155,NA,0.19408333333333333,1.2050833333333333,3.974999999999999,0.019835329341317362,1.5500000000000003,0.006742061765985212,NA,NA,NA,NA,1.9408333333333334,0.026577391107302575
57,52_3_X3.1,D.1,0.889,3.427,7.9715,8.13,2.366,1.578,0.15408333333333335,0.44408333333333333,79.715,0.39777944111776453,23.66,0.10291431056981297,15.780000000000003,0.12987654320987657,81.30000000000001,0.20792838874680308,1.5408333333333335,0.8384986836442572
58,52_3_X3.1,D.3,NA,0.935,4.5785,0.756,0.829,NA,0.13808333333333334,0.08208333333333329,45.785,0.22846806387225546,8.29,0.03605915615484993,NA,NA,7.5600000000000005,0.019335038363171356,1.3808333333333334,0.28386225839027673
59,52_2_X2.1,E1.1,NA,3.745,0.7145,1.79,0.139,NA,0.8220833333333333,0.7320833333333332,7.1450000000000005,0.03565369261477046,1.3900000000000001,0.006046107003044803,NA,NA,17.9,0.04578005115089513,8.220833333333333,0.0874798507687104
60,52_2_X2.1,E1.2,NA,3.144,0.5895,0.927,0.095,NA,0.6570833333333332,0.5580833333333333,5.895000000000001,0.029416167664670666,0.95,0.004132231404958678,NA,NA,9.27,0.02370843989769821,6.570833333333333,0.057256838967327556
61,52_2_X2.1,E2,NA,2.154,0.39849999999999997,0.161,NA,NA,0.4090833333333333,0.19008333333333333,3.985,0.019885229540918165,NA,NA,NA,NA,1.61,0.00411764705882353,4.090833333333333,0.024002876599741693
62,42_2_V2.1,Oa,55.906,7.738,7.9705,12.831,2.086,2.39,4.299083333333333,4.510083333333333,79.705,0.3977295409181637,20.86,0.09073510221835582,23.900000000000002,0.19670781893004116,128.31,0.328158567774936,42.99083333333333,1.0133310298414968
63,42_2_V2.1,E.1,2.308,2.622,0.8965,1.565,NA,NA,0.9260833333333334,0.7380833333333332,8.965,0.04473552894211577,NA,NA,NA,NA,15.649999999999997,0.04002557544757032,9.260833333333334,0.08476110438968609
65,42_2_V2.1,E.2,NA,2.702,0.3425,0.419,NA,NA,0.8080833333333333,0.37208333333333327,3.4250000000000007,0.017090818363273457,NA,NA,NA,NA,4.1899999999999995,0.010716112531969307,8.080833333333333,0.027806930895242762
66,42_2_V2.1,E.3,0.131,5.32,0.3005,0.521,NA,NA,1.1850833333333333,0.5210833333333333,3.005,0.014995009980039919,NA,NA,NA,NA,5.21,0.013324808184143222,11.850833333333332,0.028319818164183143
67,42_2_V2.1,E.4,NA,4.357,0.3025,0.405,NA,NA,1.0690833333333332,0.47908333333333325,3.025,0.015094810379241517,NA,NA,NA,NA,4.050000000000001,0.010358056265984657,10.690833333333332,0.025452866645226176
68,86_3_W3.2,Oa,2.861,0.854,59.8835,26.373,1.726,29.057,2.4690833333333333,6.045083333333333,598.835,2.9881986027944114,17.259999999999998,0.0750761200521966,290.57,2.391522633744856,263.73,0.6745012787723785,24.690833333333334,6.129298635363843
69,86_3_W3.2,A,NA,22.393,8.7175,6.318,0.46,3.17,0.8930833333333332,1.8390833333333332,87.175,0.43500499001996007,4.6000000000000005,0.02000869943453676,31.7,0.2609053497942387,63.18,0.1615856777493606,8.930833333333332,0.8775047169980961
70,86_3_W3.2,Bhs1,NA,32.466,3.9205,5.506,0.35,0.8,0.8250833333333332,2.2020833333333334,39.205,0.19563373253493016,3.5,0.015224010439321445,8,0.06584362139917696,55.06,0.14081841432225065,8.250833333333333,0.4175197786956792
71,86_3_W3.2,Bhs2.1,NA,18.811,2.4535,2.681,0.109,NA,0.5630833333333334,1.6140833333333333,24.535,0.1224301397205589,1.09,0.0047411918225315364,NA,NA,26.810000000000002,0.068567774936061393,5.630833333333333,0.19573910647915183
72,86_3_W3.2,Bhs2.2,NA,40.426,2.9964999999999997,4.152,0.191,NA,1.1020833333333333,2.9740833333333336,29.965,0.14952594810379244,1.9100000000000001,0.008307959982601133,NA,NA,41.52,0.10618925831202046,11.020833333333332,0.26402316639841406
73,86_3_W3.2,Bhs3.1,NA,26.51,1.4085,1.513,NA,NA,0.5690833333333334,1.4050833333333332,14.085,0.07028443113772456,NA,NA,NA,NA,15.129999999999999,0.03869565217391304,5.690833333333334,0.10898008331163761
74,86_3_W3.2,Bhs3.2,NA,29.1,1.4215,1.398,NA,NA,0.6650833333333332,1.4970833333333333,14.215,0.07093313373253493,NA,NA,NA,NA,13.979999999999999,0.03575447570332481,6.650833333333333,0.10668760943585974
76,86_4_W4.1,Oa,2.222,0.881,85.79249999999999,21.956,1.205,30.208,6.800083333333333,9.008083333333333,857.925,4.281062874251497,12.050000000000002,0.05241409308394955,302.08000000000004,2.486255144032922,219.56,0.56153452685422,68.00083333333333,7.381266638222589
77,86_4_W4.1,E,NA,1.083,4.048500000000001,0.928,0.208,NA,0.2790833333333333,0.5710833333333334,40.48500000000001,0.20202095808383236,2.08,0.009047411918225317,NA,NA,9.280000000000001,0.023734015345268544,2.790833333333333,0.23480238534732623
78,86_4_W4.1,Bhs,NA,55.422,9.3155,1.914,0.371,NA,0.36408333333333337,1.8860833333333333,93.155,0.4648453093812376,3.7100000000000004,0.016137451065680732,NA,NA,19.14,0.04895140664961637,3.6408333333333336,0.5299341670965347
79,86_4_W4.1,Bs.1,NA,19.456,2.0685,1.457,0.153,NA,0.4340833333333333,1.5980833333333333,20.685,0.10321856287425149,1.53,0.006655067420617661,NA,NA,14.570000000000002,0.03726342710997443,4.340833333333333,0.1471370574048436
80,86_4_W4.1,Bs.2,NA,8.62,1.7655,0.862,0.106,NA,0.5000833333333334,1.7910833333333331,17.655,0.08809880239520959,1.0600000000000003,0.00461070030448021,NA,NA,8.62,0.022046035805626595,5.000833333333334,0.11475553850531639
81,86_4_W4.1,BC.1,NA,6.604,1.3405,1.262,NA,NA,0.7470833333333333,2.2600833333333337,13.405000000000001,0.06689121756487026,NA,NA,NA,NA,12.620000000000001,0.032276214833759594,7.470833333333334,0.09916743239862985
82,86_4_W4.1,BC.2,NA,1.731,1.0475,0.183,NA,NA,0.46508333333333335,1.5580833333333333,10.475000000000001,0.05227045908183634,NA,NA,NA,NA,1.83,0.004680306905370845,4.650833333333334,0.056950765987207184
83,86_4_W4.1,D.1,NA,4.047,1.0205000000000002,0.768,0.111,NA,0.7660833333333332,1.6040833333333333,10.205000000000002,0.050923153692614784,1.11,0.004828186167899087,NA,NA,7.680000000000001,0.019641943734015347,7.660833333333333,0.07539328359452922
84,86_4_W4.1,D.2,NA,4.296,1.3695000000000002,0.862,0.123,NA,0.7020833333333332,1.2700833333333332,13.695000000000002,0.06833832335329343,1.23,0.005350152240104393,NA,NA,8.62,0.022046035805626595,7.020833333333332,0.09573451139902442
85,86_4_W4.1,D.4,NA,3.909,0.6034999999999999,0.979,0.086,NA,0.6570833333333332,0.8020833333333333,6.034999999999999,0.030114770459081834,0.8599999999999999,0.0037407568508046976,NA,NA,9.790000000000001,0.0250383631713555,6.570833333333333,0.05889389048124203
87,42_4_V4.1,Oa,5.051,1.125,50.0785,17.434,0.533,13.852,10.332083333333333,8.094083333333334,500.7849999999999,2.498927145708582,5.330000000000001,0.023183993040452378,138.52,1.140082304526749,174.34,0.4458823529411765,103.32083333333334,4.10807579621696
88,42_4_V4.1,E,NA,1.124,1.9435,1.358,0.171,NA,0.5310833333333334,0.5690833333333334,19.435,0.09698103792415169,1.7100000000000002,0.007438016528925622,NA,NA,13.580000000000002,0.03473145780051151,5.310833333333333,0.13915051225358882
89,42_4_V4.1,Bhs1,NA,14.509,2.8965,2.505,0.232,NA,0.7940833333333333,1.1190833333333332,28.965,0.14453592814371258,2.3200000000000003,0.01009134406263593,NA,NA,25.05,0.06406649616368286,7.940833333333333,0.21869376837003138
90,42_4_V4.1,Bhs2.1,NA,15.774,2.7755,2.694,0.322,NA,0.7620833333333332,1.2290833333333333,27.755000000000003,0.138498003992016,3.22,0.014006089604175731,NA,NA,26.939999999999998,0.0689002557544757,7.620833333333332,0.22140434935066744
91,42_4_V4.1,Bhs2.2,NA,11.94,2.5145,2.105,0.163,NA,0.5740833333333333,1.0520833333333333,25.145,0.12547405189620758,1.6300000000000001,0.007090039147455417,NA,NA,21.050000000000004,0.053836317135549885,5.740833333333333,0.18640040817921288
92,42_4_V4.1,Bh.1,NA,4.556,1.6205,1.147,NA,NA,0.5470833333333334,1.2620833333333332,16.205000000000002,0.08086327345309383,NA,NA,NA,NA,11.47,0.029335038363171355,5.470833333333333,0.11019831181626519
93,42_4_V4.1,Bh.2,NA,1.787,0.9294999999999999,0.388,NA,NA,0.44608333333333333,1.1280833333333333,9.294999999999998,0.046382235528942106,NA,NA,NA,NA,3.88,0.009923273657289,4.460833333333333,0.056305509186231104
94,42_4_V4.1,BC,NA,0.908,0.6064999999999999,0.245,NA,NA,0.4260833333333333,0.9890833333333333,6.0649999999999995,0.03026447105788423,NA,NA,NA,NA,2.45,0.006265984654731457,4.260833333333333,0.036530455712615685
95,42_4_V4.1,C.2,NA,0.528,0.27549999999999997,0.352,0.128,NA,0.19008333333333333,0.33608333333333335,2.755,0.013747504990019959,1.28,0.005567638103523271,NA,NA,3.5199999999999996,0.009002557544757032,1.9008333333333334,0.02831770063830026
96,42_4_V4.1,D.4,NA,1.852,0.6665,1.696,0.298,NA,0.2890833333333333,0.25208333333333327,6.665,0.03325848303393213,2.98,0.012962157459765117,NA,NA,16.960000000000004,0.0433759590792839,2.890833333333333,0.08959659957298115
98,52_4_X4.1,Oa,NA,1.259,3.2184999999999997,8.793,0.945,0.644,1.9860833333333334,2.3740833333333335,32.184999999999995,0.16060379241516964,9.45,0.0411048281861679,6.44,0.053004115226337446,87.92999999999999,0.22488491048593348,19.860833333333336,0.47959764631360846
99,52_4_X4.1,E,NA,1.767,0.5225,0.702,NA,NA,0.3010833333333333,0.35008333333333336,5.225,0.026072854291417164,NA,NA,NA,NA,7.02,0.017953964194373402,3.0108333333333333,0.04402681848579057
100,52_4_X4.1,Bhs,NA,12.379,1.0775000000000001,1.843,0.249,NA,0.2830833333333333,1.0790833333333332,10.775000000000002,0.053767465069860285,2.4900000000000007,0.010830795998260116,NA,NA,18.43,0.04713554987212276,2.830833333333333,0.11173381094024316
101,52_4_X4.1,Bs1,NA,6.466,1.0835000000000001,1.203,0.213,NA,0.12808333333333333,1.0380833333333332,10.835,0.054066866267465076,2.13,0.009264897781644193,NA,NA,12.030000000000001,0.030767263427109975,1.2808333333333333,0.09409902747621925
102,52_4_X4.1,Bs2.1,NA,1.454,1.3315000000000001,0.889,0.113,NA,0.3030833333333333,1.1710833333333333,13.315000000000003,0.0664421157684631,1.1300000000000001,0.004915180513266638,NA,NA,8.89,0.022736572890025574,3.0308333333333333,0.0940938691717553
103,52_4_X4.1,Bs2.2,NA,1.006,0.9445,0.411,0.105,NA,0.22208333333333335,1.1680833333333331,9.445,0.047130738522954095,1.05,0.004567203131796434,NA,NA,4.11,0.01051150895140665,2.2208333333333337,0.06220945060615718
104,52_4_X4.1,BC.1,NA,0.646,0.5155,NA,NA,NA,0.15908333333333335,1.4910833333333333,5.155,0.025723552894211577,NA,NA,NA,NA,NA,NA,1.5908333333333335,0.025723552894211577
105,52_4_X4.1,BC.2,NA,0.991,0.5185,NA,NA,NA,0.20108333333333334,1.6320833333333333,5.185,0.02587325349301397,NA,NA,NA,NA,NA,NA,2.0108333333333333,0.02587325349301397
106,52_4_X4.1,D.6,NA,0.649,0.4445,NA,NA,NA,0.05008333333333331,0.46208333333333335,4.445,0.022180638722554893,NA,NA,NA,NA,NA,NA,0.5008333333333331,0.022180638722554893
107,52_4_X4.1,D.8,NA,7.732,0.7314999999999999,0.803,0.369,NA,0.3060833333333333,0.5520833333333333,7.3149999999999995,0.03650199600798403,3.69,0.016050456720313182,NA,NA,8.030000000000001,0.020537084398976984,3.060833333333333,0.0730895371272742
109,52_4_X4.1,D.3,NA,0.652,0.38149999999999995,NA,NA,NA,0.07808333333333334,0.35108333333333336,3.8149999999999995,0.019036926147704587,NA,NA,NA,NA,NA,NA,0.7808333333333334,0.019036926147704587
110,52_4_X4.1,D.9,NA,0.534,0.4545,0.182,NA,NA,0.1010833333333333,0.25408333333333327,4.545000000000001,0.02267964071856288,NA,NA,NA,NA,1.8199999999999998,0.004654731457800511,1.010833333333333,0.027334372176363392
111,52_4_X4.1,D.16,NA,0.475,17.733500000000003,1.651,0.808,2.543,0.14208333333333334,0.6190833333333332,177.33500000000004,0.8849051896207587,8.08,0.03514571552849065,25.43,0.20930041152263373,16.51,0.042225063938618926,1.4208333333333334,1.171576380610502
112,86_2_W2.1,E.1,NA,2.452,2.3815,2.056,4.07,NA,0.45108333333333334,0.45808333333333334,23.814999999999998,0.11883732534930139,40.70000000000001,0.17703349282296657,NA,NA,20.560000000000002,0.05258312020460358,4.510833333333334,0.34845393837687155
113,86_2_W2.1,E.2,NA,2.65,3.9155,6.943,6.365,2.208,0.4190833333333333,0.6150833333333332,39.155,0.19538423153692616,63.65000000000001,0.2768595041322315,22.080000000000002,0.1817283950617284,69.42999999999999,0.17757033248081838,4.190833333333333,0.8315424632117044
114,42_3_V3.1,Bhs1,NA,2.089,0.5385,2.086,0.353,NA,0.24008333333333337,0.34708333333333335,5.385,0.026871257485029942,3.53,0.015354501957372771,NA,NA,20.86,0.05335038363171355,2.400833333333334,0.09557614307411627
115,42_3_V3.1,Bhs2.1,2.046,2.7,0.7745,2.094,0.131,NA,2.2290833333333335,2.7060833333333334,7.744999999999999,0.03864770459081836,1.3100000000000003,0.005698129621574599,NA,NA,20.939999999999998,0.05355498721227621,22.290833333333335,0.09790082142466916
116,42_3_V3.1,Bhs2.2,1.845,1.967,0.9674999999999999,1.55,0.191,NA,2.3490833333333336,3.1590833333333337,9.674999999999999,0.048278443113772454,1.9100000000000001,0.008307959982601133,NA,NA,15.5,0.03964194373401535,23.490833333333335,0.09622834683038893
118,42_3_V3.1,Bhs3.1,0.903,2.143,0.8045,0.939,0.16,NA,2.1300833333333333,3.2130833333333335,8.045,0.04014471057884232,1.6,0.0069595476294040896,NA,NA,9.389999999999999,0.024015345268542196,21.300833333333333,0.07111960347678861
119,42_3_V3.1,Bhs3.2,0.365,1.523,0.6905,0.515,0.182,NA,1.6800833333333334,2.1940833333333334,6.905,0.0344560878243513,1.8199999999999998,0.00791648542844715,NA,NA,5.15,0.013171355498721227,16.800833333333333,0.05554392875151967
120,42_3_V3.1,Bhs3.3,NA,1.62,0.5635,0.207,NA,NA,1.7530833333333333,1.4680833333333332,5.635000000000001,0.0281187624750499,NA,NA,NA,NA,2.07,0.005294117647058822,17.530833333333337,0.033412880122108725
121,42_3_V3.1,BC.1,NA,1.351,0.5045,0.133,NA,NA,1.4820833333333332,1.0960833333333333,5.045,0.025174650698602797,NA,NA,NA,NA,1.33,0.00340153452685422,14.820833333333333,0.028576185225457018
122,42_3_V3.1,BC.2,NA,0.987,0.4764999999999999,NA,NA,NA,1.1640833333333334,1.0030833333333333,4.765,0.023777445109780436,NA,NA,NA,NA,NA,NA,11.640833333333333,0.023777445109780436
123,42_3_V3.1,BC.3,NA,0.707,0.3175,NA,NA,NA,0.8130833333333334,0.5680833333333333,3.175,0.015843313373253492,NA,NA,NA,NA,NA,NA,8.130833333333333,0.015843313373253492
124,42_3_V3.1,D.2,NA,0.796,0.3115,0.891,NA,NA,0.13008333333333333,0.5030833333333333,3.115,0.015543912175648706,NA,NA,NA,NA,8.91,0.02278772378516624,1.3008333333333333,0.038331635960814944
125,42_3_V3.1,D.10,0.238,1.873,0.9245,5.148,0.711,NA,0.3860833333333333,0.7780833333333332,9.245,0.04613273453093812,7.11,0.030926489778164423,NA,NA,51.48,0.13166240409207158,3.860833333333333,0.20872162840117414
126,86_2_W2.2,Oa,1.117,0.141,54.7485,29.765,1.946,31.618,2.8620833333333335,6.042083333333333,547.485,2.7319610778443115,19.46,0.08464549804262725,316.18,2.602304526748971,297.65,0.7612531969309462,28.620833333333337,6.180164299566856
127,86_2_W2.2,E.1,NA,0.245,0.49749999999999994,NA,NA,NA,0.5120833333333332,0.25108333333333327,4.975,0.024825349301397202,NA,NA,NA,NA,NA,NA,5.120833333333333,0.024825349301397202
129,86_2_W2.2,E.2,NA,0.58,0.6044999999999999,NA,NA,NA,0.46508333333333335,0.22208333333333335,6.044999999999999,0.03016467065868263,NA,NA,NA,NA,NA,NA,4.650833333333334,0.03016467065868263
130,86_4_W4.1,Bs.3,NA,1.433,1.6185,1.667,0.311,NA,0.23908333333333337,1.4190833333333333,16.185000000000002,0.08076347305389223,3.11,0.013527620704654197,NA,NA,16.67,0.04263427109974425,2.3908333333333336,0.13692536485829068
131,52_4_PFM,Oa,0.527,5.27,4.8505,22.893,3.284,7.496,4.253083333333333,7.817083333333333,48.50500000000001,0.24204091816367274,32.839999999999996,0.14284471509351893,74.96000000000001,0.6169547325102881,228.93000000000004,0.5854987212276216,42.530833333333334,1.5873390869951014
132,99,NA,5.335,6.248,1.0565,4.767,0.244,NA,2.6850833333333335,2.4460833333333336,10.565,0.05271956087824351,2.44,0.010613310134841236,NA,NA,47.67,0.12191815856777492,26.850833333333334,0.18525102958085968
