ID,Pedon,Horizon,R,Acquisition Time,QC Status,Dataset File,Method File,Y_mgL,Ca_mgL,P_mgL,K_mgL,Mg_mgL,Na_mgL,Al_mgL,Fe_mgL,Mn_mgL,Extraction Lab,Ca_mgKg,Ca_cmolKg,Na_mgKg,Na_cmolKg,Mg_mgKg,Mg_cmolKg,K_mgKg,K_cmolKg,Al_mgKg,Al_cmolKg,P_mgKg,Fe_mgKg,Mn_mgKg,CEC_cmolKg
2,42_2_PFM,E1,NA,5/27/2021 3:21:09 PM,NA,HB Mod Morgan 5-27-21,Soil Modified Morgan,5.051909116292102,0.5214475662363716,1.1559911382546435,1.0361085162704757,0.4865164375261755,0.3596623609760634,16.352878419928267,6.510651092836791,0.4207815252104953,VT,5.214475662363716,0.026020337636545494,3.596623609760634,0.01564429582323025,4.865164375261755,0.040042505146187284,10.361085162704757,0.026498939035050528,163.52878419928265,1.8183334047362785,11.559911382546435,65.10651092836791,4.207815252104953,0.10820607764101356
3,42_2_PFM,E2,NA,5/27/2021 3:24:47 PM,NA,HB Mod Morgan 5-27-21,Soil Modified Morgan,5.081350063647664,0.16522095981375293,0.7765027571830657,0.01944301289933048,0.09340725793653465,0.13237772867392808,5.33592248898374,4.070088251033861,0.13758792281687157,VT,1.6522095981375293,0.008244558872941763,1.3237772867392807,0.005758056923615837,0.9340725793653465,0.007687840159385567,0.1944301289933048,4.972637570161249e-4,53.3592248898374,0.5933197726816613,7.765027571830657,40.700882510338616,1.375879228168716,0.02218771971295929
4,42_3_PFM,Oa,NA,5/27/2021 3:28:23 PM,NA,HB Mod Morgan 5-27-21,Soil Modified Morgan,4.992540959931126,7.2470560710099194,2.9861917522956025,18.04548523663441,4.363119684977926,1.6800972062367294,22.053566550225295,3.960852093868889,5.693984609980356,VT,72.47056071009919,0.3616295444615728,16.800972062367293,0.07307947830520789,43.63119684977926,0.35910450082122847,180.45485236634408,0.46152136155075213,220.53566550225295,2.4522127372378013,29.861917522956027,39.60852093868889,56.93984609980356,1.2553348851387613
5,42_3_PFM,Bhs1,NA,5/27/2021 3:38:03 PM,NA,HB Mod Morgan 5-27-21,Soil Modified Morgan,4.772197301438141,0.7119806879267008,2.1462415333115885,3.2723601657088994,0.846693664310376,0.3081533951342976,27.496632668551477,10.460656795693591,1.8788680157625248,VT,7.119806879267008,0.03552797843945613,3.0815339513429763,0.013403801441248267,8.46693664310376,0.06968672134241777,32.72360165708899,0.08369207584933246,274.9663266855148,3.0574461825668804,21.462415333115885,104.60656795693592,18.788680157625247,0.20231057707245462
6,42_3_PFM,Bhs2,NA,5/27/2021 3:41:40 PM,NA,HB Mod Morgan 5-27-21,Soil Modified Morgan,4.946865795708649,0.5807398282229004,1.4652319710429438,1.5121726743771546,0.39067023524280137,0.26529201335547825,35.88650984480001,3.0517147846794104,4.343331513424971,VT,5.807398282229004,0.028979033344456107,2.6529201335547823,0.011539452516549729,3.9067023524280136,0.032153928826568014,15.121726743771546,0.03867449295082237,358.8650984480001,3.990345794455153,14.652319710429438,30.517147846794106,43.43331513424971,0.11134690763839622
7,42_3_PFM,Bhs3,NA,5/27/2021 4:15:06 PM,NA,HB Mod Morgan 5-27-21,Soil Modified Morgan,4.983954473187299,1.0777058986262529,1.5907240660606659,2.0096094791518406,0.41738771550227655,0.47414585024995926,38.55893200233417,3.1460135280801804,2.1095787816948617,VT,10.777058986262528,0.053777739452407824,4.741458502499593,0.020624003925618063,4.173877155022765,0.0343528983952491,20.096094791518407,0.05139666187089107,385.58932002334166,4.287501705226186,15.907240660606659,31.460135280801804,21.095787816948615,0.16015130364416605
8,42_3_PFM,BC,NA,5/27/2021 4:25:00 PM,NA,HB Mod Morgan 5-27-21,Soil Modified Morgan,4.987094247460323,1.2579267502988887,1.842547408650159,2.4828500754027196,0.5331923509217824,0.43477405549736636,39.9010122313659,4.84525650863783,2.408746938868741,VT,12.579267502988888,0.06277079592309824,4.347740554973663,0.01891144217039436,5.331923509217824,0.04388414410878867,24.8285007540272,0.06350000192845831,399.01012231365894,4.436732271834606,18.42547408650159,48.4525650863783,24.08746938868741,0.1890663841307396
9,42_4_PFM,Oa,NA,5/27/2021 4:28:35 PM,NA,HB Mod Morgan 5-27-21,Soil Modified Morgan,4.900707293914554,49.66875454198666,5.954914072599771,22.511166809047015,10.040526859689868,1.0735609630560836,4.179084365771995,2.2657583518217783,6.491122797882118,VT,496.6875454198666,2.4784807655681966,10.735609630560836,0.04669686659661086,100.40526859689868,0.8263808114971084,225.11166809047015,0.5757331664717906,41.790843657719954,0.46468691984121513,59.54914072599772,22.657583518217784,64.91122797882119,3.9272916101337065
10,42_4_PFM,E,NA,5/27/2021 4:32:11 PM,NA,HB Mod Morgan 5-27-21,Soil Modified Morgan,5.054796506572813,2.9431226994102815,0.8336895156941765,4.002972692025481,0.9639360073158756,0.48146889310248625,3.0841609261348504,1.7732776566013186,0.24899412350353742,VT,29.431226994102815,0.14686241015021367,4.814688931024863,0.020942535585145118,9.639360073158757,0.07933629689842599,40.02972692025481,0.10237781821037036,30.841609261348506,0.34293857592307453,8.336895156941766,17.732776566013186,2.4899412350353742,0.3495190608441551
11,42_4_PFM,Bhs1,NA,5/27/2021 4:39:30 PM,NA,HB Mod Morgan 5-27-21,Soil Modified Morgan,4.905972323516586,2.4458345342443515,1.693185698922442,7.712052429780628,2.3963380719672993,1.0745166174481722,25.26152132752368,55.421835213203536,0.36263928442116106,VT,24.458345342443515,0.12204763144931893,10.74516617448172,0.046738434860729546,23.963380719672994,0.19722947094381066,77.12052429780628,0.1972391925775097,252.61521327523684,2.8089163818595644,16.931856989224425,554.2183521320353,3.6263928442116105,0.5632547298313688
13,42_4_PFM,Bhs2,NA,5/27/2021 4:46:36 PM,NA,HB Mod Morgan 5-27-21,Soil Modified Morgan,4.9834094266128535,1.5980477231466366,0.8527431852018231,4.717441092579562,0.9263956839930312,0.42381772384529937,45.31889036332205,14.757184273824901,0.34257496556676814,VT,15.980477231466367,0.0797429003566186,4.238177238452994,0.01843487272054369,9.263956839930312,0.07624655835333591,47.17441092579562,0.12065066732940055,453.1889036332205,5.0391649773894045,8.527431852018232,147.57184273824902,3.4257496556676816,0.29507499875989873
14,42_4_PFM,Bh,NA,5/27/2021 4:50:16 PM,NA,HB Mod Morgan 5-27-21,Soil Modified Morgan,5.088001777927565,0.942364526212544,0.4182541787853386,1.538274959694296,0.20911793444528765,0.2897403193971299,30.635665279416614,1.5979852933220522,0.1715465291939195,VT,9.42364526212544,0.047024177954717764,2.897403193971299,0.012602884706269246,2.0911793444528763,0.01721135262924178,15.38274959694296,0.03934207058041678,306.35665279416617,3.4064861318847237,4.182541787853386,15.979852933220524,1.715465291939195,0.11618048587064557
15,42_4_PFM,BC,NA,5/27/2021 4:53:59 PM,NA,HB Mod Morgan 5-27-21,Soil Modified Morgan,4.968702253764241,0.7583245643712704,0.35166937248170377,1.0129176550008956,0.11495034735878484,0.2226698622495189,21.75286484204896,0.8506572995664428,0.09054369779492469,VT,7.583245643712704,0.037840547124314894,2.226698622495189,0.009685509449739841,1.1495034735878484,0.009460933938994637,10.129176550008957,0.025905822378539528,217.52864842048965,2.418776668871271,3.5166937248170376,8.506572995664428,0.9054369779492469,0.0828928128915889
16,42_5_V5.1,Bhs,NA,5/27/2021 4:57:48 PM,NA,HB Mod Morgan 5-27-21,Soil Modified Morgan,4.959080395070078,2.6505241497655767,1.582307580755905,5.206048918790592,1.1915473941899009,0.7508993765482047,78.75907379445246,1.174758898475565,2.8320919753473364,VT,26.505241497655767,0.13226168412003875,7.508993765482047,0.03266199984985667,11.915473941899009,0.09806974437776962,52.06048918790592,0.13314703117111487,787.5907379445246,8.75749523288945,15.82307580755905,11.74758898475565,28.320919753473362,0.3961404595187799
17,42_5_V5.1,Bh1,NA,5/27/2021 5:01:28 PM,NA,HB Mod Morgan 5-27-21,Soil Modified Morgan,4.962516290921171,1.9492857988256933,0.6038673193900435,2.2174554868095235,0.3793664188677833,0.5335493223907856,47.859926290343935,1.2145529638083916,0.9775052114538363,VT,19.492857988256933,0.09726975044040385,5.335493223907855,0.023207887011343437,3.793664188677833,0.031223573569364883,22.17455486809524,0.056712416542443064,478.59926290343935,5.3217115964059225,6.0386731939004346,12.145529638083916,9.775052114538365,0.20841362756355525
18,42_5_V5.1,Bh2,NA,5/27/2021 5:05:08 PM,NA,HB Mod Morgan 5-27-21,Soil Modified Morgan,4.961952469280904,1.5344921790637664,0.4344496758142197,1.7486488596558578,0.24218906060769235,0.4211394142593916,36.97706862680673,1.3167908382595255,0.5023347846768587,VT,15.344921790637665,0.07657146602114603,4.211394142593916,0.018318373825984845,2.4218906060769236,0.01993325601709402,17.486488596558583,0.04472247722905008,369.77068626806727,4.111608816916982,4.344496758142197,13.167908382595256,5.023347846768587,0.159545573093275
19,52_2_PFM,E,NA,5/27/2021 5:08:47 PM,NA,HB Mod Morgan 5-27-21,Soil Modified Morgan,5.090259842271792,2.225162274166882,1.4709370196171399,4.077411739854891,1.2324216368166512,0.45383163821531736,14.787359806901776,7.471791892301863,0.8823225776063702,VT,22.25162274166882,0.11103604162509392,4.538316382153173,0.01974039313681241,12.324216368166512,0.10143387957338693,40.77411739854891,0.10428163017531691,147.87359806901776,1.6442579473945635,14.709370196171399,74.71791892301863,8.823225776063703,0.33649194451061015
20,52_3_PFM,Oa,NA,5/27/2021 5:12:20 PM,NA,HB Mod Morgan 5-27-21,Soil Modified Morgan,4.933987394017651,4.58642433642694,3.874373472516541,21.241625638787898,5.309710338872099,3.5781014498964,31.03246104877858,4.795756066450047,1.1000231222702164,VT,45.8642433642694,0.22886348984166366,35.781014498964005,0.15563729664621143,53.097103388721,0.4370131966149876,212.41625638787897,0.5432640828334501,310.3246104877858,3.450607232999842,38.74373472516541,47.95756066450047,11.000231222702164,1.3647780659363127
22,52_3_PFM,Bhs1,NA,5/27/2021 5:19:30 PM,NA,HB Mod Morgan 5-27-21,Soil Modified Morgan,4.9547098106523375,2.2548441069490774,1.845088228603179,6.182463499515555,2.2707583435737635,0.8044710735153905,17.88697848939115,6.8426891948764785,0.3656964554924688,VT,22.548441069490774,0.11251717100544298,8.044710735153904,0.03499221720380124,22.707583435737636,0.18689369082911633,61.824634995155556,0.15811927108735435,178.86978489391154,1.988915324987897,18.450882286031792,68.42689194876479,3.6569645549246883,0.4925223501257149
23,52_3_PFM,Bhs2,NA,5/27/2021 5:23:02 PM,NA,HB Mod Morgan 5-27-21,Soil Modified Morgan,4.812492065487754,1.157693831351767,0.8507141711721702,1.4276836729209492,0.4934668735681261,0.26566105036386745,10.316880638999777,4.1406570086380095,0.12564255672006977,VT,11.57693831351767,0.05776915326106622,2.6566105036386745,0.011555504583030337,4.934668735681261,0.04061455749531902,14.276836729209492,0.03651364892380944,103.16880638999777,1.147169826426958,8.507141711721701,41.40657008638009,1.2564255672006976,0.146452864263225
24,52_4_PFM,Bh1,NA,5/27/2021 5:26:36 PM,NA,HB Mod Morgan 5-27-21,Soil Modified Morgan,4.84016514557522,2.3347466826453136,0.8823602958220906,4.921376778789102,1.1785769474647163,0.8839268976692922,58.29193640316838,3.640680068518407,1.059669861382086,VT,23.347466826453136,0.11650432548130307,8.839268976692923,0.03844832090775521,11.785769474647163,0.09700221789833055,49.21376778789102,0.12586641377977242,582.9193640316839,6.481683069292259,8.823602958220906,36.40680068518407,10.59669861382086,0.37782127806716126
25,52_4_PFM,Bh2,NA,6/3/2021 2:53:35 PM,NA,HB Mod Morgan 6-3-21b,Soil Modified Morgan,4.915102383231374,1.283906786651837,0.5256345107632806,2.581471679819894,0.502496440773202,0.7543463424468664,49.98584477534636,1.9554818544476975,0.29256084772788415,VT,12.83906786651837,0.06406720492274635,7.543463424468664,0.03281193312078584,5.0249644077320195,0.04135773175088082,25.81471679819894,0.0660222936015318,499.85844775346357,5.558099863826503,5.256345107632806,19.554818544476976,2.925608477278842,0.20425916339594483
26,52_4_X4.2,Oa,NA,6/3/2021 2:57:20 PM,NA,HB Mod Morgan 6-3-21b,Soil Modified Morgan,4.853725260352591,10.242912088656402,10.919300452280712,33.99437299247501,11.921136505508889,2.205127758464959,1.5729047100323201,0.23146297138512656,1.0449732870631825,VT,102.42912088656404,0.5111233577173854,22.05127758464959,0.09591682289973724,119.21136505508889,0.9811634983957933,339.9437299247501,0.8694213041553709,15.7290471003232,0.1748967431466627,109.19300452280712,2.3146297138512657,10.449732870631825,2.457624983168287
27,52_4_X4.2,E,NA,6/3/2021 3:39:17 PM,NA,HB Mod Morgan 6-3-21b,Soil Modified Morgan,4.755572266682257,0.28090239751211565,0.18710712912641675,0.7945507817816956,0.15819988639240506,0.13551085632204268,4.823897687183493,0.1756119745930722,0.018307526872631,VT,2.8090239751211565,0.014017085704197388,1.3551085632204267,0.005894339117966189,1.5819988639240505,0.013020566781267905,7.945507817816956,0.02032099186142444,48.23897687183493,0.5363859548387871,1.8710712912641676,1.756119745930722,0.18307526872631,0.05325298346485592
28,52_4_X4.2,Bhs,NA,6/3/2021 3:43:00 PM,NA,HB Mod Morgan 6-3-21b,Soil Modified Morgan,4.729231929233716,0.7780796033070358,0.2741876033390146,3.140787389364273,0.6952217598259574,0.7884011145648631,48.747960015587424,17.642299385806517,0.075958710823735745,VT,7.7807960330703585,0.03882632751033113,7.88401114564863,0.03429321942430896,6.9522175982595735,0.057219897928062334,31.407873893642734,0.0803270432062474,487.4796001558742,5.420455153697637,2.7418760333901466,176.42299385806518,0.7595871082373575,0.21066648806894983
29,52_4_X4.2,Bs,NA,6/3/2021 3:46:40 PM,NA,HB Mod Morgan 6-3-21b,Soil Modified Morgan,4.945124438055679,0.4762864842703496,0.12711930390537998,0.7455249027030665,0.10342027728777176,0.25684196434582135,47.31275802615514,0.5682733853499865,0.01580880051320863,VT,4.762864842703496,0.023766790632252975,2.5684196434582134,0.011171899275590317,1.0342027728777174,0.008511956978417428,7.455249027030666,0.019067133061459504,473.1275802615514,5.260870054798569,1.2711930390537998,5.682733853499865,0.1580880051320863,0.06251777994772023
30,52_4_X4.2,Cd,NA,6/3/2021 3:50:26 PM,NA,HB Mod Morgan 6-3-21b,Soil Modified Morgan,4.80516828595766,0.18885691712592736,0.07647492511028474,0.48212522605923114,0.03850505372182639,0.12488217571766622,16.2515851132167,0.5021236307482511,0.007390095859095788,VT,1.8885691712592736,0.009423997860575217,1.2488217571766622,0.00543202156231693,0.3850505372182639,0.003169140224018633,4.821252260592312,0.012330568441412561,162.515851132167,1.8070702498017084,0.7647492511028474,5.021236307482511,0.07390095859095788,0.03035572808832334
31,86_2_PFM,Oa,NA,6/3/2021 3:54:08 PM,NA,HB Mod Morgan 6-3-21b,Soil Modified Morgan,4.706062182640931,31.861063328367194,2.207357180706963,13.054450189987632,8.99652971826313,1.4051291828002483,4.542141606459081,4.966227842784451,0.5375211079032255,VT,318.61063328367203,1.589873419579202,14.051291828002483,0.06111914670727483,89.9652971826313,0.7404551208447021,130.5445018998763,0.3338734063935455,45.421416064590815,0.5050565166559393,22.073571807069634,49.66227842784451,5.375211079032255,2.7253210935247245
33,86_2_PFM,E,NA,6/3/2021 4:01:26 PM,NA,HB Mod Morgan 6-3-21b,Soil Modified Morgan,4.786306661053347,0.6550480074270295,0.03040613209523857,0.4011816941330938,0.10802197108257994,0.1896066783534271,1.899739831673888,0.03146244133169194,0.014334820699278071,VT,6.550480074270296,0.03268702631871405,1.8960667835342713,0.008247354430336109,1.0802197108257994,0.008890697208442792,4.011816941330938,0.010260401384478101,18.99739831673888,0.21123867661310838,0.3040613209523857,0.31462441331691937,0.14334820699278072,0.06008547934197105
34,86_3_PFM,Oa,NA,6/3/2021 4:05:04 PM,NA,HB Mod Morgan 6-3-21b,Soil Modified Morgan,4.920509227474617,6.007978750477889,1.1207939707139303,10.500681283498611,2.9954993770036076,1.1575733643978303,77.6282401877115,1.0107606224685877,0.32593531164554673,VT,60.07978750477889,0.2997993388462021,11.575733643978305,0.050351168525351486,29.954993770036076,0.24654315860111997,105.0068128349861,0.2685596236188903,776.282401877115,8.631753912643976,11.207939707139303,10.107606224685878,3.2593531164554674,0.8652532895915639
35,86_3_PFM,Bhs1,NA,6/3/2021 4:08:34 PM,NA,HB Mod Morgan 6-3-21b,Soil Modified Morgan,4.670007593636774,5.035193433343421,1.6948073719164976,9.88015287878038,3.00993970686288,1.2619639918223573,118.19353870389746,1.9991274545765394,0.1889078778778679,VT,50.351934333434215,0.2512571573524661,12.619639918223573,0.054891865673003803,30.0993970686288,0.24773166311628642,98.8015287878038,0.25268933193811716,1181.9353870389746,13.142350485978218,16.948073719164974,19.991274545765396,1.889078778778679,0.8065700180798735
36,86_3_PFM,Bhs2,NA,6/3/2021 4:12:02 PM,NA,HB Mod Morgan 6-3-21b,Soil Modified Morgan,4.840361240159819,2.304734923606803,0.35823242690314794,1.7176994992755419,0.4443135328254873,0.5025809354403592,67.8839696027111,2.533770807709175,0.05683885290320809,VT,23.04734923606803,0.11500673271491033,5.0258093544035916,0.021860849736422758,4.443135328254873,0.036569015047365205,17.176994992755418,0.04393093348530797,678.839696027111,7.548254588885593,3.58232426903148,25.33770807709175,0.5683885290320809,0.21736753098400627
37,86_3_PFM,C,NA,6/3/2021 4:19:05 PM,NA,HB Mod Morgan 6-3-21b,Soil Modified Morgan,4.754603740411908,0.7470931087342627,0.16228276146264983,0.5141823180939805,0.098571052949525,0.15937819934668787,25.218350076466855,2.9749353117758317,0.040674451234010145,VT,7.4709310873426285,0.0372800952462207,1.5937819934668787,0.0069325010590120875,0.9857105294952501,0.008112843864158437,5.141823180939805,0.013150442918004615,252.18350076466857,2.804116020363253,1.6228276146264984,29.749353117758318,0.40674451234010145,0.06547588308739584
38,86_4_PFM,Oa,NA,6/3/2021 4:22:40 PM,NA,HB Mod Morgan 6-3-21b,Soil Modified Morgan,4.8225086513183655,24.375551187243527,0.46370016405956793,13.064129979658764,5.105420110545227,1.2939192151618677,33.14330289323433,0.40926798173911005,0.6360050371602409,VT,243.75551187243528,1.2163448696229306,12.939192151618679,0.0562818275407511,51.054201105452265,0.420199186053105,130.64129979658765,0.3341209713467715,331.4330289323433,3.6853190763418455,4.63700164059568,4.092679817391101,6.3600503716024095,2.0269468545635583
39,86_4_PFM,E,NA,6/3/2021 4:26:17 PM,NA,HB Mod Morgan 6-3-21b,Soil Modified Morgan,4.743102420522798,4.1893343017730444,0.22036864098442993,1.4870762299286158,0.586390231803124,0.23793695140428262,3.1454111849433994,0.42552429267986885,0.09192089686601815,VT,41.89334301773045,0.2090486178529464,2.379369514042826,0.010349584663083194,5.86390231803124,0.04826257051877564,14.870762299286158,0.038032640151627,31.454111849433996,0.3497492051456708,2.203686409844299,4.255242926798688,0.9192089686601815,0.30569341318643223
40,86_4_PFM,Bhs,NA,6/3/2021 4:29:53 PM,NA,HB Mod Morgan 6-3-21b,Soil Modified Morgan,4.790495958487541,7.762571601265944,0.7452538133681539,4.097340055329199,1.6517847349403503,0.4827984288579762,30.53728269270659,38.15356972643855,0.1587639599500775,VT,77.62571601265944,0.3873538723186599,4.827984288579762,0.021000366631490918,16.517847349403503,0.13594936090044035,40.97340055329199,0.10479130576289511,305.3728269270659,3.395546630026678,7.452538133681539,381.5356972643855,1.587639599500775,0.6490949056134863
41,86_4_PFM,Bs,NA,6/3/2021 4:33:27 PM,NA,HB Mod Morgan 6-3-21b,Soil Modified Morgan,4.577195870461148,2.3308297151493864,0.24465561118484727,1.1066460095239568,0.3891418564839169,0.3263785524496604,81.61961729820773,3.383008006881057,0.05528334856495745,VT,23.308297151493864,0.11630886802142648,3.263785524496604,0.014196544256183576,3.891418564839169,0.03202813633612485,11.066460095239567,0.028302966995497614,816.1961729820773,9.075569010178768,2.446556111848473,33.83008006881057,0.5528334856495745,0.1908365156092325
42,86_4_PFM,BC,NA,6/3/2021 4:37:06 PM,NA,HB Mod Morgan 6-3-21b,Soil Modified Morgan,4.683728232724321,2.4777284905754255,0.26270380643923613,1.6759209346040809,0.36937091535366157,0.623485415804702,87.70985238449491,1.858140023056675,0.06532789964560973,VT,24.777284905754257,0.12363914623629871,6.234854158047019,0.027119852797072724,3.6937091535366156,0.030400898383017412,16.75920934604081,0.04286242799498928,877.0985238449491,9.752763423035017,2.6270380643923614,18.58140023056675,0.6532789964560972,0.22402232541137812
44,86_5_W5.1,Oa1,NA,6/3/2021 4:44:31 PM,NA,HB Mod Morgan 6-3-21b,Soil Modified Morgan,4.637690818582994,23.159926373640126,3.1090827431298775,41.17949879914739,7.823077231785518,2.835577294376337,130.0023730438019,0.8283773544713882,4.461461848576808,VT,231.59926373640127,1.1556849487844374,28.35577294376337,0.12333959523168062,78.23077231785518,0.6438746692827587,411.79498799147393,1.0531841125101633,1300.023730438019,14.455415831408661,31.09082743129878,8.283773544713881,44.614618485768084,2.9760833258090402
45,86_5_W5.1,Bhs,NA,6/3/2021 4:48:10 PM,NA,HB Mod Morgan 6-3-21b,Soil Modified Morgan,4.785564406216171,5.815715280598355,0.8067154770797538,4.631390800940412,1.4282414089030449,0.7441516662912924,64.0948519886871,1.7047101567788874,0.32309084281012684,VT,58.15715280598356,0.29020535332327124,7.441516662912924,0.03236849353159167,14.282414089030448,0.11755073324304895,46.31390800940412,0.11844989260717168,640.9485198868709,7.126929427948897,8.067154770797538,17.04710156778888,3.2309084281012685,0.5585744727050835
46,86_5_W5.1,Bh1,NA,6/3/2021 4:51:42 PM,NA,HB Mod Morgan 6-3-21b,Soil Modified Morgan,4.65350608956552,5.50697474174504,0.5550167150268853,3.5023239272029842,0.9831587182912058,0.6134615433917603,60.36312831978569,2.1257697204351778,1.2126201458270645,VT,55.0697474174504,0.27479913880963275,6.1346154339176024,0.026683842687766867,9.831587182912058,0.08091841302808278,35.02323927202984,0.08957350197450087,603.6312831978569,6.711986099309009,5.550167150268853,21.25769720435178,12.126201458270645,0.47197489649998325
47,86_5_W5.1,Bh2,NA,6/3/2021 4:55:18 PM,NA,HB Mod Morgan 6-3-21b,Soil Modified Morgan,4.776504575505046,2.6930489553981234,0.23284187926960231,1.7743745486773337,0.3011716706533366,0.37906296873065753,33.13682126694689,1.6482047650436242,0.4651889473427742,VT,26.930489553981236,0.13438368040908802,3.7906296873065752,0.016488167408902025,3.011716706533366,0.02478779182331988,17.743745486773335,0.0453804232398295,331.3682126694689,3.6845983617806026,2.328418792696023,16.482047650436243,4.651889473427743,0.22104006288113942
48,52_3_X3.1,Oa,NA,6/3/2021 4:58:53 PM,NA,HB Mod Morgan 6-3-21b,Soil Modified Morgan,4.660887991477334,7.06259997770064,2.5377848113856682,11.22422647284363,3.3378194329584088,0.5651227521212124,6.893336526020804,1.732559505879659,1.1641964037887385,VT,70.6259997770064,0.35242514858785634,5.651227521212125,0.024581241936546868,33.37819432958409,0.27471764880316124,112.24226472843633,0.2870646156737502,68.93336526020805,0.7664940540423429,25.377848113856682,17.32559505879659,11.641964037887384,0.9387886550013146
49,52_3_X3.1,E,NA,6/3/2021 5:05:44 PM,NA,HB Mod Morgan 6-3-21b,Soil Modified Morgan,4.7743361626082095,0.7475191022272363,0.5255568161816384,1.8052799539718452,0.527013649115573,0.22405526492226718,9.015906412270379,2.118297286365229,0.0851264929231357,VT,7.475191022272362,0.037301352406548714,2.240552649222672,0.009745770549032938,5.27013649115573,0.043375608980705596,18.052799539718453,0.04617084281257916,90.1590641227038,1.0025099791256908,5.2555681618163845,21.18297286365229,0.851264929231357,0.1365935747488664
50,52_3_X3.1,Bhs1,NA,6/3/2021 5:09:22 PM,NA,HB Mod Morgan 6-3-21b,Soil Modified Morgan,4.761553508033706,1.7345672924120468,0.9502161662873738,6.069550687956988,1.7478476685349358,0.47316713328820514,46.20473504968837,26.13525774869713,0.2597201921666196,VT,17.345672924120468,0.08655525411237759,4.731671332882051,0.020581432504924106,17.478476685349357,0.14385577518806053,60.695506879569876,0.15523147539531937,462.04735049688367,5.137665127837846,9.502161662873739,261.3525774869713,2.5972019216661963,0.4062239372006816
51,52_3_X3.1,Bhs2.1,NA,6/3/2021 5:12:59 PM,NA,HB Mod Morgan 6-3-21b,Soil Modified Morgan,4.935718796698649,1.4127378219697226,0.24978691396273753,4.048888661830854,1.1752199943311947,0.5771360513615496,43.73829990932932,13.402525102573748,0.29996554270263426,VT,14.127378219697228,0.07049589929988637,5.7713605136154955,0.025103786488105677,11.752199943311947,0.09672592545935758,40.48888661830855,0.10355213968876867,437.3829990932933,4.863413629651148,2.497869139627375,134.02525102573748,2.9996554270263425,0.2958777509361183
52,52_3_X3.1,Bhs2.2,NA,6/3/2021 5:16:34 PM,NA,HB Mod Morgan 6-3-21b,Soil Modified Morgan,4.723847504738625,0.9246566155927616,0.2613330035246707,2.6290112744438185,0.631968413283478,0.5678811925293148,41.472161684080376,5.459818996750345,0.18446112970300024,VT,9.246566155927615,0.046140549680277525,5.678811925293148,0.024701226295316,6.31968413283478,0.0520138611755949,26.290112744438186,0.06723814001135085,414.7216168408038,4.611433841817684,2.6133300352467073,54.598189967503444,1.8446112970300026,0.19009377716253928
53,52_3_X3.1,Bhs2.3,NA,6/3/2021 5:20:09 PM,NA,HB Mod Morgan 6-3-21b,Soil Modified Morgan,4.686838639720286,1.0204866124486647,0.3007262090812877,1.6688108207304913,0.36159126543404957,0.33378351597812705,68.76138858034307,2.846010407492892,0.18946487199148143,VT,10.204866124486646,0.050922485651130965,3.3378351597812705,0.01451863923349835,3.6159126543404962,0.02976059797811108,16.688108207304914,0.042680583650396196,687.6138858034307,7.6458178554866265,3.007262090812877,28.46010407492892,1.8946487199148143,0.1378823065131366
55,52_3_X3.1,BC.1,NA,6/3/2021 5:27:42 PM,NA,HB Mod Morgan 6-3-21b,Soil Modified Morgan,4.84940633383486,0.5940390338362804,0.17297417367397627,0.6104517509741957,0.08861223758328976,0.20255756663097874,52.376106939521314,0.7979778655689815,0.02141418462624627,VT,5.940390338362804,0.02964266635909583,2.0255756663097872,0.008810681454153054,0.8861223758328977,0.007293188278460062,6.104517509741957,0.015612576751258201,523.7610693952132,5.823881423964565,1.729741736739763,7.979778655689815,0.2141418462624627,0.06135911284296715
56,52_3_X3.1,BC.2,NA,6/3/2021 5:31:20 PM,NA,HB Mod Morgan 6-3-21b,Soil Modified Morgan,4.676039343194408,0.34509305378669697,0.15208661398822818,0.35397028052055524,0.03301254512087742,0.12308434290269948,39.006272163794684,0.5522546878704375,0.01184595924610795,VT,3.4509305378669697,0.01722021226480524,1.230843429026995,0.005353820917907764,0.33012545120877423,0.0027170819029528745,3.539702805205552,0.00905294835090934,390.0627216379468,4.337243013023871,1.5208661398822818,5.522546878704375,0.1184595924610795,0.034344063436575215
57,52_3_X3.1,D.1,NA,6/3/2021 5:35:01 PM,NA,HB Mod Morgan 6-3-21b,Soil Modified Morgan,5.321196847385656,6.7970912960710885,0.15199291719856153,7.510021463565253,2.283683918369181,2.091225037257748,9.364956869397972,3.0214030292568665,1.4404325399373241,VT,67.97091296071089,0.33917621237879686,20.912250372577482,0.09096237656623525,22.83683918369181,0.18795752414561162,75.10021463565253,0.19207216019348475,93.64956869397972,1.0413221129797594,1.5199291719856154,30.214030292568665,14.404325399373242,0.8101682732841284
58,52_3_X3.1,D.3,NA,6/3/2021 5:38:27 PM,NA,HB Mod Morgan 6-3-21b,Soil Modified Morgan,4.994860682874853,4.346758215771853,0.17607132265678466,1.141239037572456,0.791810359865432,0.795996918316223,1.153418445131358,0.9473087400676242,0.3942276119745183,VT,43.46758215771853,0.21690410258342582,7.9599691831622295,0.03462361541175394,7.91810359865432,0.06516957694365696,11.41239037572456,0.029187699170651043,11.53418445131358,0.12825260694566618,1.7607132265678467,9.473087400676242,3.942276119745183,0.34588499410948775
59,52_2_X2.1,E1.1,NA,6/3/2021 5:41:58 PM,NA,HB Mod Morgan 6-3-21b,Soil Modified Morgan,4.850168181844912,0.6243869698020457,0.7628457382365774,2.1318166554073654,0.5859878302732173,0.18563267970000408,6.59393522884875,3.624838753064249,0.21011506538452726,VT,6.243869698020457,0.031157034421259767,1.8563267970000408,0.008074496724663075,5.859878302732175,0.048229451051293615,21.31816655407366,0.05452216509993263,65.9393522884875,0.733202582896451,7.628457382365774,36.24838753064249,2.1011506538452727,0.1419831472971491
60,52_2_X2.1,E1.2,NA,6/3/2021 5:45:32 PM,NA,HB Mod Morgan 6-3-21b,Soil Modified Morgan,4.607161672543371,0.6004884077213729,0.6162676471991126,10.513009591669926,0.4041202584627394,0.1594517604314146,7.355033298762108,3.0742891954626272,0.14992207212832134,VT,6.004884077213729,0.02996449140326212,1.594517604314146,0.0069357007582172515,4.041202584627394,0.03326092662244769,105.13009591669926,0.2688749256181567,73.55033298762108,0.8178317233612423,6.1626764719911264,30.742891954626277,1.4992207212832134,0.33903604440208374
61,52_2_X2.1,E2,NA,6/3/2021 5:52:34 PM,NA,HB Mod Morgan 6-3-21b,Soil Modified Morgan,4.960859397405901,0.3321023778712271,0.36410227537104467,0.601713061009011,0.1442613901945347,0.12153319806056984,6.610203837319599,2.081868014041278,0.09093601489499437,VT,3.321023778712271,0.01657197494367401,1.2153319806056986,0.005286350502852104,1.442613901945347,0.011873365448109852,6.01713061009011,0.01538908084422023,66.102038373196,0.7350115460325721,3.641022753710447,20.81868014041278,0.9093601489499437,0.04912077173885619
62,42_2_V2.1,Oa,NA,6/3/2021 5:56:16 PM,NA,HB Mod Morgan 6-3-21b,Soil Modified Morgan,4.384019582896995,7.140191798803425,4.102085908033825,13.120109185530108,2.9191603238797734,2.1850562500635786,3.4034280885767707,7.720116591187028,NA,VT,71.40191798803426,0.35629699594827474,21.850562500635785,0.09504376903277854,29.191603238797732,0.2402601089612982,131.2010918553011,0.33555266459156285,34.03428088576771,0.37843900169497074,41.02085908033825,77.20116591187028,NA,1.0271535385339143
63,42_2_V2.1,E.1,NA,6/3/2021 5:59:48 PM,NA,HB Mod Morgan 6-3-21b,Soil Modified Morgan,4.654063513577958,0.8342920782992893,0.8767344393776855,1.9650146886979307,0.4958030955409936,0.2212430149147958,5.303122355710706,2.61252543102812,2.862775685853212,VT,8.342920782992893,0.041631341232499466,2.2124301491479583,0.009623445624828007,4.958030955409937,0.04080683913917643,19.650146886979307,0.05025613014572713,53.03122355710706,0.5896726118284699,8.767344393776854,26.1252543102812,28.62775685853212,0.14231775614223102
65,42_2_V2.1,E.2,NA,6/3/2021 6:07:15 PM,NA,HB Mod Morgan 6-3-21b,Soil Modified Morgan,4.785019244173595,0.303522239464485,0.7623261155848776,0.830540416648042,0.22156905677170496,0.1732912668573392,10.808291291234791,2.627871323663616,0.5005676838459162,VT,3.0352223946448498,0.015145820332559132,1.732912668573392,0.007537680159083915,2.2156905677170498,0.018236136359811108,8.30540416648042,0.021241442881024093,108.08291291234792,1.2018114853115038,7.623261155848776,26.27871323663616,5.005676838459162,0.062161079732478246
66,42_2_V2.1,E.3,NA,6/3/2021 6:10:57 PM,NA,HB Mod Morgan 6-3-21b,Soil Modified Morgan,4.926160421954754,0.2564961127390105,1.0846163471512955,1.0071935776946495,0.2862156045374839,0.18112424236619726,13.846451871761925,4.890379531235599,0.7970364516899403,VT,2.564961127390105,0.012799207222505516,1.8112424236619726,0.007878392447420498,2.862156045374839,0.023556839879628304,10.071935776946496,0.025759426539505102,138.46451871761926,1.5396351228793839,10.846163471512956,48.90379531235599,7.970364516899404,0.06999386608905941
67,42_2_V2.1,E.4,NA,6/3/2021 6:14:34 PM,NA,HB Mod Morgan 6-3-21b,Soil Modified Morgan,4.6937648392371445,0.27996922337548114,1.0287980459023864,0.9123325564426882,0.23703186465291398,0.15338253879364125,10.052926080809684,4.231445377166352,0.797964220540135,VT,2.7996922337548114,0.013970520128517022,1.5338253879364125,0.006671706776582917,2.3703186465291397,0.019508795444684278,9.123325564426882,0.02333331346400737,100.52926080809684,1.117819801424353,10.287980459023865,42.31445377166353,7.979642205401351,0.06348433581379159
68,86_3_W3.2,Oa,NA,6/3/2021 6:18:12 PM,NA,HB Mod Morgan 6-3-21b,Soil Modified Morgan,4.4642365292796296,58.291207529259935,2.4459915607328178,27.159595068150544,17.236500598056423,2.0144969109812987,10.73960010667656,0.8124701938385168,3.365028469473745,VT,582.9120752925995,2.9087428906816344,20.144969109812987,0.08762492000788599,172.36500598056423,1.4186420245313929,271.59595068150543,0.6946187996969448,107.3960010667656,1.1941734736853105,24.45991560732818,8.124701938385169,33.65028469473745,5.109628634917858
69,86_3_W3.2,A,NA,6/3/2021 6:21:46 PM,NA,HB Mod Morgan 6-3-21b,Soil Modified Morgan,4.7536801899462064,8.267160541224255,0.7818103888632946,6.534175772880561,3.2845549274537897,0.6546696296885416,28.783716362628823,21.246529945531883,0.3431844589016633,VT,82.67160541224256,0.41253296113893495,6.546696296885416,0.02847627793338589,32.845549274537895,0.27033373888508555,65.3417577288056,0.16711446989464349,287.8371636262882,3.200561493250054,7.818103888632947,212.4652994553188,3.431844589016633,0.8784574478520499
71,86_3_W3.2,Bhs2.1,NA,6/3/2021 6:25:19 PM,NA,HB Mod Morgan 6-3-21b,Soil Modified Morgan,4.824323028182642,2.188030913726176,0.4722575709250017,2.864099958660704,1.0103402569769184,0.30946066801498,34.94335918477419,18.712963729175655,0.10853337506186342,VT,21.88030913726176,0.1091831793276535,3.0946066801498002,0.013460664115484125,10.103402569769184,0.083155576705919207,28.64099958660704,0.07325063832891826,349.43359184774187,3.885473593562734,4.722575709250017,187.12963729175655,1.0853337506186342,0.2790500584779751
72,86_3_W3.2,Bhs2.2,NA,6/3/2021 6:28:57 PM,NA,HB Mod Morgan 6-3-21b,Soil Modified Morgan,4.723367185616304,2.548731330614952,0.9128930823777675,4.412216724573189,1.3430331929691748,0.39780456592768976,71.94655509097579,36.446187724773836,0.1829713431526638,VT,25.48731330614952,0.12718220212649461,3.9780456592768982,0.017303373898551102,13.430331929691748,0.11053771135548765,44.12216724573189,0.11284441750826568,719.4655509097579,7.999987593511021,9.128930823777674,364.46187724773836,1.8297134315266381,0.36786770488879905
73,86_3_W3.2,Bhs3.1,NA,6/3/2021 6:35:59 PM,NA,HB Mod Morgan 6-3-21b,Soil Modified Morgan,4.785114446094683,1.2859045476458308,0.48172078434213683,1.948868984514629,0.3979776329543811,0.23954510772809973,49.65425788593396,25.381000137178884,0.03567509393740406,VT,12.85904547645831,0.06416689359510135,2.3954510772809976,0.010419534916402774,3.9797763295438116,0.0327553607369861,19.48868984514629,0.049843196534901,496.5425788593396,5.521229564781389,4.817207843421368,253.81000137178884,0.3567509393740406,0.1571849857833912
74,86_3_W3.2,Bhs3.2,NA,6/3/2021 10:26:38 PM,NA,HB Mod Morgan 6-3-21b,Soil Modified Morgan,4.71554479344035,1.3871573696004358,0.5557534334720805,1.529700864824611,0.43202837941779043,0.20537735107799418,53.85458210299571,27.308543169515676,0.04182791721464192,VT,13.871573696004358,0.06921942962078023,2.053773510779942,0.008933334105175912,4.3202837941779055,0.03555789131010621,15.297008648246113,0.0391227842666141,538.5458210299571,5.988278217531027,5.557534334720805,273.0854316951568,0.4182791721464192,0.15283343930267645
76,86_4_W4.1,Oa,NA,6/3/2021 6:43:30 PM,NA,HB Mod Morgan 6-3-21b,Soil Modified Morgan,4.36555961564945,84.8647784601182,6.714069908000562,22.133442304475903,17.535016530682572,1.2077401604624898,3.850427037295387,0.3795787058071354,2.619819175260181,VT,848.647784601182,4.234769384237436,12.077401604624898,0.05253328231676772,175.35016530682572,1.4432112370932157,221.33442304475903,0.5660726932091024,38.50427037295387,0.4281423688616071,67.14069908000563,3.7957870580713537,26.198191752601815,6.296586596856521
77,86_4_W4.1,E,NA,6/3/2021 6:47:05 PM,NA,HB Mod Morgan 6-3-21b,Soil Modified Morgan,4.475924311565517,4.198158409469518,0.2545683126197641,1.3186132710389802,0.6582009669855553,0.3077897184198648,6.340075224067887,0.9706138684267493,0.09809100432949343,VT,41.98158409469518,0.2094889425882993,3.077897184198648,0.013387982532399515,6.5820096698555535,0.05417291909346135,13.186132710389803,0.03372412457900205,63.40075224067887,0.7049750063826412,2.545683126197641,9.706138684267493,0.9809100432949343,0.3107739687931622
78,86_4_W4.1,Bhs,NA,6/3/2021 6:50:41 PM,NA,HB Mod Morgan 6-3-21b,Soil Modified Morgan,4.474625407747317,9.124592018520538,0.31590330506747855,2.4438013655195014,1.7023118108574864,0.5431191468107557,33.34018217952033,54.797727265700146,0.1851928465505576,VT,91.24592018520538,0.45531896300002683,5.431191468107556,0.02362414731669229,17.023118108574863,0.14010796797180958,24.438013655195014,0.06250131369615093,333.4018217952033,3.7072107686642326,3.1590330506747852,547.9772726570014,1.851928465505576,0.6815523919846797
79,86_4_W4.1,Bs.1,NA,6/3/2021 6:54:16 PM,NA,HB Mod Morgan 6-3-21b,Soil Modified Morgan,4.686007465484436,1.9573074279690363,0.3660151053577258,1.8770958177437742,0.4938375800590083,0.3439738552362447,58.6005290642057,18.792870763586325,0.10099934145403716,VT,19.573074279690363,0.09767003133578026,3.4397385523624466,0.01496189017991495,4.938375800590083,0.040645068317613844,18.77095817743774,0.04800756567119627,586.005290642057,6.515996560141478,3.660151053577258,187.92870763586325,1.0099934145403715,0.2012845555045053
80,86_4_W4.1,Bs.2,NA,6/3/2021 6:57:56 PM,NA,HB Mod Morgan 6-3-21b,Soil Modified Morgan,4.839222488209774,1.640746400415325,0.43485608244477003,1.3778221403768454,0.43401760668283457,0.31028884647996724,71.12575961662499,8.171053402659197,0.052561097835305604,VT,16.407464004153248,0.0818735728750162,3.1028884647996726,0.013496687537188658,4.340176066828346,0.035721613718751814,13.778221403768455,0.03523841791245129,711.2575961662499,7.908720491099887,4.3485608244477,81.71053402659199,0.525610978353056,0.16633029204340796
81,86_4_W4.1,BC.1,NA,6/3/2021 7:01:37 PM,NA,HB Mod Morgan 6-3-21b,Soil Modified Morgan,4.68800938984725,1.2619451374945378,0.4926795997249386,1.0831400316299247,0.15473905749641287,0.23217064602696513,999123459992.7378,2.1471670539944347,0.01217285840782277,VT,12.619451374945378,0.06297131424623442,2.3217064602696516,0.010098766682338634,1.5473905749641288,0.012735724896824105,10.831400316299247,0.027701791090279405,9991234599927.379,111096011118.54016,4.9267959972493856,21.47167053994435,0.1217285840782277,0.11350759691567656
82,86_4_W4.1,BC.2,NA,6/3/2021 7:05:22 PM,NA,HB Mod Morgan 6-3-21b,Soil Modified Morgan,4.6816706038652995,0.9952468067596574,0.39685026090760717,0.7874493069222753,0.11115640587548317,0.22237886234391244,116.53927348581216,1.7604958254550105,0.008950514037566673,VT,9.952468067596573,0.04966301430936414,2.223788623439124,0.009672851776594712,1.1115640587548317,0.009148675380698202,7.874493069222754,0.020139368463485303,1165.3927348581217,12.958406985079188,3.968502609076072,17.604958254550105,0.08950514037566673,0.08862390993014235
83,86_4_W4.1,D.1,NA,6/3/2021 7:09:02 PM,NA,HB Mod Morgan 6-3-21b,Soil Modified Morgan,4.778564182092358,0.9586390122417705,0.6026481112179416,0.905794050742729,0.0968388784885875,0.2554748572180684,127.58025794302613,2.0866627204419816,0.010567439403811106,VT,9.586390122417704,0.047836278055976574,2.554748572180684,0.011112433980777226,0.968388784885875,0.00797027806490432,9.05794050742729,0.023166088254289743,1275.8025794302612,14.186092432508463,6.026481112179416,20.866627204419817,0.10567439403811106,0.09008507835594787
84,86_4_W4.1,D.2,NA,6/3/2021 7:12:41 PM,NA,HB Mod Morgan 6-3-21b,Soil Modified Morgan,4.753756144970995,1.2729448235089587,0.5761949105977111,0.9668417847569503,0.16276523173056118,0.2715807258201772,106.9775389605942,2.464147079602868,0.044645405626780474,VT,12.729448235089588,0.06352020077390015,2.7158072582017723,0.011812993728585353,1.6276523173056119,0.013396315368770468,9.668417847569502,0.02472741137485806,1069.775389605942,11.89520448042189,5.761949105977111,24.641470796028678,0.44645405626780477,0.11345692124611403
85,86_4_W4.1,D.4,NA,6/3/2021 7:19:51 PM,NA,HB Mod Morgan 6-3-21b,Soil Modified Morgan,4.75134093575604,0.5196132618930427,0.5420135714572885,0.9816286789433307,0.08074950913354051,0.15949576056498302,77.24161429561944,2.2502202257451827,0.16023189047239755,VT,5.196132618930427,0.02592880548368477,1.5949576056498302,0.006937614639625186,0.8074950913354052,0.00664605013444778,9.816286789433308,0.025105592811849892,772.4161429561944,8.588763635539596,5.420135714572885,22.50220225745183,1.6023189047239759,0.06461806306960763
87,42_4_V4.1,Oa,NA,6/3/2021 7:27:22 PM,NA,HB Mod Morgan 6-3-21b,Soil Modified Morgan,4.589546699584967,48.85673951245137,10.381104205109958,17.71539381390139,9.166779614969895,0.5714480309289893,1.9086981396234932,0.7117105220057347,5.446849016171823,VT,488.5673951245137,2.4379610535155374,5.714480309289893,0.024856373681121764,91.66779614969896,0.7544674580222137,177.1539381390139,0.45307912567522735,19.086981396234933,0.21223478201892068,103.81104205109958,7.117105220057347,54.468490161718236,3.6703640108941
88,42_4_V4.1,E,NA,6/3/2021 7:31:02 PM,NA,HB Mod Morgan 6-3-21b,Soil Modified Morgan,4.591145169818276,1.961079813120095,0.4949053897366835,1.7072827528119356,0.41787322150511136,0.21405552053397264,3.666213774433439,1.1093921610802455,0.09263401062328025,VT,19.61079813120095,0.09785827410778918,2.1405552053397265,0.009310809940581673,4.178732215051114,0.03439285773704621,17.072827528119355,0.04366452053227456,36.66213774433439,0.4076590557190628,4.949053897366835,11.093921610802456,0.9263401062328025,0.18522646231769163
89,42_4_V4.1,Bhs1,NA,6/3/2021 7:34:42 PM,NA,HB Mod Morgan 6-3-21b,Soil Modified Morgan,4.6378782467259825,2.849545757101323,0.7181449471532235,2.7623093677789807,0.8508361087756795,0.3221601521428261,22.351567357444548,14.733621407710022,0.1221993748874827,VT,28.495457571013233,0.14219290205096424,3.2216015214282616,0.014013055769587914,8.508361087756795,0.07002766327371848,27.623093677789807,0.07064729840866958,223.5156735744455,2.485348483036829,7.181449471532235,147.3362140771002,1.221993748874827,0.2968809195029402
90,42_4_V4.1,Bhs2.1,NA,6/3/2021 7:38:15 PM,NA,HB Mod Morgan 6-3-21b,Soil Modified Morgan,4.56803119200641,2.6615993024601345,0.6796685302773,3.032140986222636,1.0500542819623082,0.4512588235315062,33.929159831865235,15.626317901931884,0.28432116683871494,VT,26.615993024601345,0.1328143364501065,4.512588235315062,0.019628482972227326,10.500542819623082,0.08642422073763853,30.32140986222636,0.07754836281899324,339.29159831865235,3.772701241497246,6.796685302773,156.26317901931884,2.8432116683871493,0.3164154029789656
91,42_4_V4.1,Bhs2.2,NA,6/3/2021 7:41:53 PM,NA,HB Mod Morgan 6-3-21b,Soil Modified Morgan,4.629501455616374,2.424907644531741,0.523494026846754,2.5848588045096803,0.7403683200923783,0.42589746468059897,33.64010079398453,12.461821333858795,0.388609492152937,VT,24.24907644531741,0.12100337547563578,4.2589746468059895,0.018525335566794213,7.403683200923783,0.06093566420513402,25.848588045096804,0.06610892083144962,336.4010079398453,3.740559762118368,5.23494026846754,124.61821333858795,3.88609492152937,0.26657329607901364
92,42_4_V4.1,Bh.1,NA,6/3/2021 7:45:28 PM,NA,HB Mod Morgan 6-3-21b,Soil Modified Morgan,4.736826812645494,1.5216583897611278,0.4893128511384959,1.6903179325259874,0.39932703118757223,0.30021686230933875,52.96469983141161,4.730885542660084,0.36221315732615855,VT,15.216583897611278,0.07593105737330977,3.0021686230933877,0.013058584702450578,3.9932703118757225,0.0328664223199648,16.903179325259874,0.04323063766051118,529.6469983141161,5.889329113944952,4.893128511384958,47.308855426600836,3.6221315732615857,0.16508670205623632
93,42_4_V4.1,Bh.2,NA,6/3/2021 7:49:07 PM,NA,HB Mod Morgan 6-3-21b,Soil Modified Morgan,4.6501903254457595,0.852759114685133,0.40762186848888987,0.9969740953753649,0.18503232894330957,0.18596062468950378,48.235686297414915,1.880731256891216,0.1351945796968232,VT,8.52759114685133,0.04255285003418828,1.8596062468950378,0.008088761404502123,1.8503232894330957,0.015228998266939058,9.969740953753648,0.025498058705252298,482.3568629741492,5.363493657977937,4.076218684888898,18.80731256891216,1.351945796968232,0.09136866841088176
94,42_4_V4.1,BC,NA,6/3/2021 7:52:48 PM,NA,HB Mod Morgan 6-3-21b,Soil Modified Morgan,4.7840932471197455,0.5864393899587144,0.41755367525378345,0.8512424185353306,0.09226932080354516,0.17788511845174595,49.252578757710666,1.088150375909527,0.05876523810333996,VT,5.864393899587144,0.0292634426127103,1.7788511845174595,0.007737499715169463,0.9226932080354516,0.007594182782184787,8.512424185353305,0.021770905844893364,492.5257875771067,5.476565466016753,4.175536752537835,10.88150375909527,0.5876523810333996,0.06636603095495791
95,42_4_V4.1,C.2,NA,6/3/2021 7:56:32 PM,NA,HB Mod Morgan 6-3-21b,Soil Modified Morgan,4.825209453551201,0.2517067279271379,0.1811774333332854,0.816234855075238,0.04278814634961137,0.2623879267599646,15.20430436512482,0.5753033818680735,0.05232136093755456,VT,2.517067279271379,0.01256021596442804,2.623879267599646,0.011413132960416034,0.42788146349611367,0.003521658135770483,8.16234855075238,0.02087557174105468,152.04304365124818,1.690619462393419,1.8117743333328542,5.753033818680735,0.5232136093755456,0.048370578801669235
96,42_4_V4.1,D.4,NA,6/3/2021 8:00:17 PM,NA,HB Mod Morgan 6-3-21b,Soil Modified Morgan,4.834402191590285,0.6373258736973858,0.32049667489432343,1.6018603338138049,0.1850331674568374,0.2895896207510173,9.277733004907741,1.1520587748761477,0.3239549247009284,VT,6.373258736973858,0.03180268830825279,2.8958962075101735,0.012596329741236076,1.850331674568374,0.01522906728039814,16.018603338138053,0.04096829498245026,92.77733004907743,1.0316233882402976,3.2049667489432343,11.520587748761477,3.239549247009284,0.10059638031233727
98,52_4_X4.1,Oa,NA,6/3/2021 8:11:10 PM,NA,HB Mod Morgan 6-3-21b,Soil Modified Morgan,4.5272884638299695,3.097995285908718,1.9566161974623084,8.685147367283038,1.9529081349642239,1.0277646991382845,2.6507916109275538,1.2181698159931305,0.13758222185289126,VT,30.97995285908718,0.15459058312917756,10.277646991382845,0.044704858596706594,19.52908134964224,0.16073317983244642,86.85147367283038,0.2221265311325585,26.507916109275538,0.29475073509201855,19.566161974623085,12.181698159931306,1.3758222185289126,0.5821551526908891
99,52_4_X4.1,E,NA,6/3/2021 8:14:42 PM,NA,HB Mod Morgan 6-3-21b,Soil Modified Morgan,4.72920187531563,0.5911543901895906,0.28971756319811204,1.2607975509380442,0.26132103183502714,0.18279217052762312,7.116150871044963,1.8153114776486383,0.019763203381907308,VT,5.911543901895906,0.029498722065348836,1.8279217052762313,0.007950942606682172,2.6132103183502715,0.021507903854734743,12.607975509380442,0.03224546166081954,71.16150871044962,0.7912695557129312,2.8971756319811206,18.153114776486383,0.19763203381907307,0.0912030301875853
100,52_4_X4.1,Bhs,NA,6/3/2021 8:18:25 PM,NA,HB Mod Morgan 6-3-21b,Soil Modified Morgan,4.347040745605628,1.0944456077165001,0.26978400333816815,2.5903129097814883,0.8873601250293459,0.49066543069798707,36.73156900493654,13.626459555614659,0.06133730852482942,VT,10.944456077165,0.054613054277270465,4.9066543069798705,0.02134255896902945,8.87360125029346,0.07303375514644822,25.903129097814887,0.06624841201487183,367.3156900493654,4.084310860445131,2.697840033381682,136.2645955561466,0.6133730852482943,0.21523778040761998
101,52_4_X4.1,Bs1,NA,6/3/2021 8:22:00 PM,NA,HB Mod Morgan 6-3-21b,Soil Modified Morgan,4.652172178540466,1.0977576992712579,0.09876068221699728,1.8086220730402882,0.47379702601098833,0.4255047169277282,51.81493206116863,6.43358245199479,0.05825816749214431,VT,10.977576992712578,0.054778328306948995,4.255047169277281,0.018508252149966428,4.737970260109884,0.03899564000090439,18.086220730402886,0.04625631900358794,518.1493206116864,5.761482438232243,0.987606822169973,64.3358245199479,0.5825816749214431,0.15853853946140775
102,52_4_X4.1,Bs2.1,NA,6/3/2021 8:25:39 PM,NA,HB Mod Morgan 6-3-21b,Soil Modified Morgan,4.729337501182695,1.303413952799082,0.2776979906194357,1.4929935007617625,0.3601431948657782,0.3139737064760755,61.13424469219801,1.8521679172839145,0.11853028869119409,VT,13.03413952799082,0.06504061640713983,3.139737064760755,0.013656968528754917,3.6014319486577824,0.02964141521529039,14.929935007617628,0.03818397700157961,611.3424469219801,6.797729209658785,2.7769799061943568,18.521679172839146,1.1853028869119409,0.14652297715276474
103,52_4_X4.1,Bs2.2,NA,6/3/2021 8:29:21 PM,NA,HB Mod Morgan 6-3-21b,Soil Modified Morgan,4.632373986905545,0.9239696608345334,0.20850242382132556,1.0476278285431118,0.2337920029831011,0.30641174349505956,54.29244885685148,1.4048238960753021,0.08812505702348943,VT,9.239696608345335,0.04610627050072523,3.0641174349505955,0.013328044519141347,2.337920029831011,0.019242140163218197,10.476278285431118,0.02679355060212562,542.9244885685148,6.036966144201424,2.0850242382132556,14.048238960753022,0.8812505702348943,0.10547000578521039
104,52_4_X4.1,BC.1,NA,6/3/2021 8:33:05 PM,NA,HB Mod Morgan 6-3-21b,Soil Modified Morgan,4.687265332415706,0.5254068674659023,0.14421967222788096,0.5887217945278046,0.11342140856230781,0.1572229336081039,40.16530909469758,0.7930307685704563,0.07406784695908215,VT,5.254068674659022,0.026217907558178755,1.572229336081039,0.006838753093001475,1.134214085623078,0.009335095354922452,5.887217945278046,0.015056823389457916,401.6530909469758,4.46612035893598,1.4421967222788097,7.930307685704562,0.7406784695908215,0.0574485793955606
105,52_4_X4.1,BC.2,NA,6/3/2021 8:36:50 PM,NA,HB Mod Morgan 6-3-21b,Soil Modified Morgan,4.6808627523263375,0.5252775814899834,0.18965798114486146,0.588729753468409,0.11864894747553967,0.25138897202070987,43.835448393879716,1.1985091470718614,0.07017700081430822,VT,5.252775814899834,0.026211456162174816,2.5138897202070987,0.010934709526781638,1.1864894747553967,0.009765345471237832,5.887297534684089,0.015057026942926058,438.35448393879716,4.874215907399523,1.8965798114486145,11.985091470718615,0.7017700081430822,0.06196853810312034
106,52_4_X4.1,D.6,NA,6/3/2021 8:40:32 PM,NA,HB Mod Morgan 6-3-21b,Soil Modified Morgan,4.75969931465083,0.4282621562647586,0.04173422577326921,0.39994687628279635,0.049932329648525786,0.1018569294283733,13.29250401564225,0.7219904069644275,0.1270221629681067,VT,4.282621562647586,0.021370367079079772,1.018569294283733,0.0044304884483850945,0.49932329648525786,0.004109656761195538,3.999468762827964,0.01022882036528891,132.92504015642248,1.4780397348749719,0.4173422577326921,7.219904069644275,1.270221629681067,0.04013933265394931
107,52_4_X4.1,D.8,NA,6/3/2021 8:44:16 PM,NA,HB Mod Morgan 6-3-21b,Soil Modified Morgan,4.74424500216201,0.5896012525924533,0.26613755794008787,0.4903547923119317,0.04554135338190518,0.21026254758317842,42.34228677173351,8.893167847736734,0.726004990933782,VT,5.896012525924533,0.02942122018924418,2.1026254758317844,0.009145826341156089,0.45541353381905186,0.0037482595376053646,4.903547923119317,0.012541043281635082,423.4228677173351,4.708186075433674,2.661375579400879,88.93167847736734,7.26004990933782,0.05485634934964072
109,52_4_X4.1,D.3,NA,6/3/2021 8:55:12 PM,NA,HB Mod Morgan 6-3-21b,Soil Modified Morgan,4.429248294207206,0.4601470419715028,0.10448889188858324,0.3496356288485828,0.05631345189353454,0.17285586517247628,13.943666169317979,0.8612801884056378,0.14091960354429625,VT,4.601470419715028,0.022961429240094953,1.7285586517247629,0.007518741416810626,0.5631345189353454,0.004634852007698316,3.4963562884858277,0.008942087694337155,139.4366616931798,1.5504447186046675,1.0448889188858324,8.612801884056378,1.4091960354429625,0.04405711035894105
110,52_4_X4.1,D.9,NA,6/3/2021 8:58:56 PM,NA,HB Mod Morgan 6-3-21b,Soil Modified Morgan,4.623784907994265,0.529379245714588,0.13838794922015776,0.7176687231405828,0.03856372949740361,0.18043862008828762,8.623845150460536,0.6081826455250953,0.07106449862985179,VT,5.29379245714588,0.026416130025678046,1.8043862008828762,0.00784856981680242,0.3856372949740361,0.003173969505959145,7.176687231405828,0.018354698801549434,86.23845150460537,0.9589153243655154,1.3838794922015776,6.081826455250953,0.7106449862985179,0.055793368149989045
111,52_4_X4.1,D.16,NA,6/3/2021 9:02:42 PM,NA,HB Mod Morgan 6-3-21b,Soil Modified Morgan,4.855938810624407,16.796333047531682,0.17915017010850537,2.104528187211651,2.8372623991770225,0.9366569163217942,1.3639057639071657,0.47946635380153646,0.6506003794406968,VT,167.9633304753168,0.8381403716333174,9.366569163217942,0.040741927634701795,28.37262399177023,0.23351953902691544,21.04528187211651,0.053824250312318446,13.639057639071657,0.15165742371095242,1.7915017010850538,4.7946635380153655,6.506003794406968,1.166226088607253
112,86_2_W2.1,E.1,NA,6/3/2021 9:06:18 PM,NA,HB Mod Morgan 6-3-21b,Soil Modified Morgan,4.718170439125452,2.30104373809439,0.4446577727583736,2.583163995707226,1.0272346074614889,4.185054295284905,14.357199995877572,2.5145647186516378,0.14368576155377413,VT,23.0104373809439,0.11482254182107735,41.850542952849054,0.18203802937298413,10.27234607461489,0.08454605822728303,25.83163995707226,0.06606557533778071,143.57199995877573,1.5964269824919466,4.446577727583736,25.145647186516378,1.4368576155377413,0.4474722047591252
113,86_2_W2.1,E.2,NA,6/3/2021 9:09:48 PM,NA,HB Mod Morgan 6-3-21b,Soil Modified Morgan,4.838477978985935,3.685216589967795,0.40839769428122896,7.257917663165453,2.840475471003734,6.352249767182183,13.746159675172247,2.6489896976608365,0.27008461997605276,VT,36.85216589967795,0.18389304341156662,63.52249767182183,0.2763049050535965,28.404754710037338,0.23378398938302336,72.57917663165453,0.18562449266407807,137.46159675172248,1.5284832848597754,4.083976942812289,26.489896976608367,2.700846199760528,0.8796064305122646
114,42_3_V3.1,Bhs1,NA,6/3/2021 9:13:17 PM,NA,HB Mod Morgan 6-3-21b,Soil Modified Morgan,4.69769379840985,0.5775342230867627,0.27442846315140024,2.0830297544292358,0.26192606145572833,0.39932258190775305,13.989748925401047,1.4135295410339086,0.4064956191549777,VT,5.775342230867627,0.028819073008321493,3.99322581907753,0.017369403301772644,2.6192606145572834,0.021557700531335666,20.83029754429236,0.053274418271847465,139.89748925401048,1.555568820467129,2.744284631514003,14.135295410339086,4.064956191549777,0.12102059511327727
115,42_3_V3.1,Bhs2.1,NA,6/3/2021 9:16:55 PM,NA,HB Mod Morgan 6-3-21b,Soil Modified Morgan,4.630519600782963,0.7962612302911916,2.220029280696391,2.647892565511035,0.6481093655693928,0.29682965465440586,29.499742573119736,3.2550364251838375,2.8432827418172018,VT,7.962612302911917,0.03973359432590777,2.968296546544059,0.012911250746168158,6.481093655693928,0.05334233461476484,26.478925655110352,0.06772103748110064,294.9974257311974,3.2801789369666126,22.20029280696391,32.550364251838374,28.432827418172018,0.1737082171679414
116,42_3_V3.1,Bhs2.2,NA,6/3/2021 9:20:32 PM,NA,HB Mod Morgan 6-3-21b,Soil Modified Morgan,4.657160186040911,0.9359756144373281,2.305993089526382,2.1037203728044096,0.5036163602615817,0.3418916199493033,39.02248547596213,2.3258620412230635,2.531567251374131,VT,9.359756144373282,0.046705369981902604,3.418916199493033,0.01487131883207061,5.036163602615817,0.04144990619436886,21.037203728044098,0.05380359009729948,390.2248547596213,4.339045827571771,23.05993089526382,23.258620412230634,25.315672513741312,0.15683018510564156
118,42_3_V3.1,Bhs3.1,NA,6/3/2021 9:28:05 PM,NA,HB Mod Morgan 6-3-21b,Soil Modified Morgan,4.497882765288938,0.8884931225391608,2.284196975301957,1.4572780013010571,0.37697790404214976,0.27862359891506916,39.144142514164166,2.589346467125969,1.7564952776407334,VT,8.884931225391608,0.044335984158640755,2.7862359891506916,0.012119338795783783,3.769779040421498,0.031026987987008214,14.572780013010572,0.0372705371176741,391.44142514164173,4.3525732966083215,22.84196975301957,25.893464671259693,17.564952776407335,0.12475284805910686
119,42_3_V3.1,Bhs3.2,NA,6/3/2021 9:31:45 PM,NA,HB Mod Morgan 6-3-21b,Soil Modified Morgan,4.70913328784163,0.6785974350652522,1.6931378732896378,0.9587772699869316,0.2562710053794174,0.2442760107899149,26.939776340818,1.940066450198802,1.108152189670751,VT,6.785974350652522,0.03386214745834592,2.4427601078991494,0.010625315823832752,2.5627100537941736,0.021092263817235994,9.587772699869317,0.02452115780017728,269.3977634081801,2.9955273914919944,16.931378732896377,19.40066450198802,11.081521896707509,0.09010088489959195
120,42_3_V3.1,Bhs3.3,NA,6/3/2021 9:35:23 PM,NA,HB Mod Morgan 6-3-21b,Soil Modified Morgan,4.734490796021872,0.6000944399733081,1.719676574855447,0.7419770902716675,0.1715795321354074,0.19157914115831415,23.367576112128248,2.0734350902581844,0.8545021173687092,VT,6.000944399733081,0.02994483233399741,1.9157914115831416,0.008333150985572604,1.715795321354074,0.0141217721922146,7.4197709027166745,0.01897639617063088,233.6757611212825,2.5983220287763062,17.196765748554473,20.734350902581845,8.545021173687092,0.0713761516824155
121,42_3_V3.1,BC.1,NA,6/3/2021 9:42:33 PM,NA,HB Mod Morgan 6-3-21b,Soil Modified Morgan,4.478801995926929,0.5106368128525082,1.5447962898050756,0.7349891357632709,0.14354812054485772,0.13227705385706984,21.676687884558817,1.8336344075446933,0.676396767005096,VT,5.106368128525082,0.0254808788848557,1.3227705385706985,0.005753677853722047,1.435481205448577,0.011814660127148782,7.349891357632709,0.018797676106477514,216.76687884558817,2.4103062881273702,15.447962898050756,18.336344075446934,6.76396767005096,0.06184689297220404
122,42_3_V3.1,BC.2,NA,6/3/2021 9:46:12 PM,NA,HB Mod Morgan 6-3-21b,Soil Modified Morgan,4.2649459561925704,0.5401925685241984,1.3236356450260773,0.7992357380493803,0.13591080068637185,0.18164386245718492,22.58390634756963,1.4018536585103705,0.4349904438414223,VT,5.401925685241985,0.026955716992225476,1.8164386245718491,0.007900994452248148,1.3591080068637185,0.011186074130565583,7.992357380493804,0.02044081171481791,225.83906347569632,2.5111830631100402,13.236356450260775,14.018536585103705,4.349904438414224,0.06648359728985712
123,42_3_V3.1,BC.3,NA,6/3/2021 9:49:51 PM,NA,HB Mod Morgan 6-3-21b,Soil Modified Morgan,4.746461294467007,0.3042952829590617,0.81241901562653,0.4905113698010336,0.05322632964277149,0.09732900174874795,16.57428482000219,0.9463303165714798,0.14767457416080335,VT,3.042952829590617,0.015184395357238608,0.9732900174874795,0.004233536396204782,0.532263296427715,0.004380767871833045,4.905113698010336,0.0125450478209983,165.7428482000219,1.8429523521129194,8.1241901562653,9.463303165714798,1.4767457416080334,0.036343747446274735
124,42_3_V3.1,D.2,NA,6/3/2021 9:53:37 PM,NA,HB Mod Morgan 6-3-21b,Soil Modified Morgan,4.767417931733137,0.308202351463867,0.11824267035475408,1.4830985559818668,0.08415541893062259,0.18281562629491185,18.453144306950747,0.8382448720284186,0.13731571673694615,VT,3.08202351463867,0.015379358855482386,1.8281562629491186,0.00795196286624236,0.8415541893062259,0.006926371928446304,14.830985559818668,0.03793090936015005,184.53144306950747,2.051869270602381,1.1824267035475409,8.382448720284188,1.3731571673694614,0.06818860301032109
125,42_3_V3.1,D.10,NA,6/3/2021 9:57:20 PM,NA,HB Mod Morgan 6-3-21b,Soil Modified Morgan,4.735569874920955,0.9120732464206757,0.45554223145045425,5.434140235309683,0.8643361322688321,0.9502311263454144,18.172076647382603,1.7246262928578833,0.9695563229792866,VT,9.120732464206757,0.045512637046939905,9.502311263454144,0.04133236739214504,8.643361322688321,0.07113877631842239,54.34140235309683,0.13898056867799702,181.72076647382602,2.0206163803612975,4.555422314504543,17.246262928578833,9.695563229792866,0.29696434943550437
126,86_2_W2.2,Oa,NA,6/3/2021 10:00:52 PM,NA,HB Mod Morgan 6-3-21b,Soil Modified Morgan,4.609091256942939,56.82133637617687,2.8190248616034888,29.65403495120496,19.07119107360352,2.2233189826609987,12.609799400801181,0.17460958262084214,1.8263863928628423,VT,568.2133637617687,2.835396026755333,22.233189826609987,0.09670808971992165,190.71191073603518,1.5696453558521415,296.5403495120496,0.7584152161433494,126.09799400801181,1.4021274352262245,28.190248616034886,1.7460958262084214,18.263863928628425,5.260164688470746
127,86_2_W2.2,E.1,NA,6/3/2021 10:04:25 PM,NA,HB Mod Morgan 6-3-21b,Soil Modified Morgan,4.710567174832068,0.4886394205057978,0.49479960551449054,0.5833698300681381,0.24790064222347247,0.1437170646905565,18.737812120051267,0.3133728639779298,0.009490556849145383,VT,4.886394205057978,0.024383204616057773,1.4371706469055652,0.00625128598045048,2.479006422234725,0.02040334503896893,5.833698300681382,0.014919944503021438,187.37812120051268,2.083522474431201,4.947996055144905,3.133728639779298,0.09490556849145383,0.06595778013849862
129,86_2_W2.2,E.2,NA,6/3/2021 10:12:06 PM,NA,HB Mod Morgan 6-3-21b,Soil Modified Morgan,4.674925433467933,0.6261743469411386,0.4774567809407011,0.592201979831661,0.25226005477018104,0.12272509832857292,20.333501197755478,0.6574176959154161,0.01704770875295591,VT,6.261743469411386,0.03124622489726241,1.2272509832857295,0.005338194794631272,2.5226005477018103,0.020762144425529303,5.92201979831661,0.015145830686231737,203.33501197755479,2.2609526906325583,4.774567809407012,6.574176959154161,0.17047708752955912,0.07249239480365473
130,86_4_W4.1,Bs.3,NA,6/3/2021 10:15:51 PM,NA,HB Mod Morgan 6-3-21b,Soil Modified Morgan,4.721544207684935,1.5590768688505832,0.2081557002338019,2.170150895975012,0.30436579373183303,0.5199662760161597,49.529076460143436,1.4245199651995362,0.021915510150838185,VT,15.590768688505834,0.07779824694863191,5.199662760161598,0.022617062897614608,3.04365793731833,0.025050682611673498,21.70150895975012,0.055502580459718974,495.2907646014344,5.5073102068358155,2.0815570023380188,14.245199651995362,0.21915510150838188,0.180968572917639
131,52_4_PFM,Oa,NA,6/3/2021 10:19:36 PM,NA,HB Mod Morgan 6-3-21b,Soil Modified Morgan,4.68639634589045,4.853926676673085,4.022984175892621,22.461581643557505,5.750498902140716,3.4755230951551352,32.52792415803957,4.997791189792159,1.181521352230828,VT,48.53926676673085,0.242211910013627,34.755230951551354,0.15117542823641303,57.50498902140716,0.47329209071117007,224.61581643557508,0.5744650036715475,325.2792415803957,3.6168929753194474,40.229841758926206,49.9779118979216,11.81521352230828,1.4411444326327576
132,Internal standard?,NA,NA,6/3/2021 10:23:04 PM,NA,HB Mod Morgan 6-3-21b,Soil Modified Morgan,4.683935888036501,1.1046793715400138,2.68445666351915,5.309660121188361,1.3387685335797113,0.46479075310136597,19.348865743203675,6.18615160797505,5.686618255462934,VT,11.04679371540014,0.05512372113473124,4.64790753101366,0.020217083649472205,13.387685335797112,0.11018671058269228,53.09660121188361,0.13579693404573812,193.48865743203675,2.151467651208711,26.844566635191498,61.861516079750494,56.86618255462934,0.32132444941263383
